timestamp,provider,model,latency_s
"2025-10-27T13:15:37.471155","ollama","gemma3:4b",1.860596
"2025-10-27T13:15:05.550158","ollama","gemma3:4b",1.802522
"2025-10-27T13:13:44.199018","ollama","gemma3:4b",1.627910
"2025-10-27T13:13:12.410265","ollama","gemma3:4b",1.733878
"2025-10-27T13:12:40.615105","ollama","gemma3:4b",1.544579
"2025-10-27T13:12:09.017837","ollama","gemma3:4b",1.558616
"2025-10-27T13:11:37.401935","ollama","gemma3:4b",1.658728
"2025-10-27T13:11:05.688414","ollama","gemma3:4b",1.691116
"2025-10-27T13:10:33.938551","ollama","gemma3:4b",2.193194
"2025-10-27T13:10:01.698473","ollama","gemma3:4b",1.842608
"2025-10-27T13:09:29.805511","ollama","gemma3:4b",1.677443
"2025-10-27T13:08:58.070254","ollama","gemma3:4b",1.850807
"2025-10-27T13:08:26.163963","ollama","gemma3:4b",1.578238
"2025-10-27T13:07:54.533416","ollama","gemma3:4b",1.741342
"2025-10-27T13:07:22.731533","ollama","gemma3:4b",1.580166
"2025-10-27T13:06:51.111408","ollama","gemma3:4b",10.020741
"2025-10-27T13:06:11.036274","ollama","gemma3:4b",1.589951
"2025-10-27T13:05:39.390470","ollama","gemma3:4b",1.662831
"2025-10-27T13:05:07.676766","ollama","gemma3:4b",1.617304
"2025-10-27T13:04:35.999259","ollama","gemma3:4b",2.029346
"2025-10-27T13:04:03.908919","ollama","gemma3:4b",2.008210
"2025-10-27T13:03:31.841487","ollama","gemma3:4b",1.667916
"2025-10-27T13:01:09.945492","ollama","gemma3:4b",1.839868
"2025-10-27T13:00:38.053218","ollama","gemma3:4b",1.773491
"2025-10-27T13:00:06.229462","ollama","gemma3:4b",2.079448
"2025-10-27T12:59:34.101665","ollama","gemma3:4b",1.648728
"2025-10-27T12:59:02.397946","ollama","gemma3:4b",1.943209
"2025-10-27T12:58:30.399768","ollama","gemma3:4b",1.680835
"2025-10-27T12:57:58.667267","ollama","gemma3:4b",5.252393
"2025-10-27T12:46:52.153909","ollama","gemma3:4b",1.586361
"2025-10-27T12:46:20.506233","ollama","gemma3:4b",1.645837
"2025-10-27T12:45:48.804892","ollama","gemma3:4b",1.794740
"2025-10-27T12:45:16.953181","ollama","gemma3:4b",1.540676
"2025-10-27T12:44:45.341143","ollama","gemma3:4b",1.785033
"2025-10-27T12:44:13.005452","ollama","gemma3:4b",1.696503
"2025-10-27T12:43:41.254774","ollama","gemma3:4b",1.655015
"2025-10-27T12:43:09.541953","ollama","gemma3:4b",1.607893
"2025-10-27T12:42:37.872122","ollama","gemma3:4b",1.696823
"2025-10-27T12:42:06.121653","ollama","gemma3:4b",1.807524
"2025-10-27T12:41:34.247893","ollama","gemma3:4b",2.003687
"2025-10-27T12:41:02.184001","ollama","gemma3:4b",1.646222
"2025-10-27T12:39:20.304904","ollama","gemma3:4b",1.646510
"2025-10-27T12:38:48.607624","ollama","gemma3:4b",1.473096
"2025-10-27T12:38:17.077698","ollama","gemma3:4b",1.717939
"2025-10-27T12:37:44.957536","ollama","gemma3:4b",1.598847
"2025-10-27T12:37:13.304338","ollama","gemma3:4b",1.839691
"2025-10-27T12:36:41.413480","ollama","gemma3:4b",1.812403
"2025-10-27T12:34:06.071995","ollama","gemma3:4b",1.644707
"2025-10-27T12:33:34.372744","ollama","gemma3:4b",1.559723
"2025-10-27T12:33:02.761216","ollama","gemma3:4b",1.602978
"2025-10-27T12:32:30.708443","ollama","gemma3:4b",1.432752
"2025-10-27T12:31:59.219526","ollama","gemma3:4b",1.864563
"2025-10-27T12:31:27.301649","ollama","gemma3:4b",1.638115
"2025-10-27T12:30:55.612664","ollama","gemma3:4b",1.502404
"2025-10-27T12:30:24.056517","ollama","gemma3:4b",1.581722
"2025-10-27T12:29:52.420207","ollama","gemma3:4b",1.863827
"2025-10-27T12:29:20.359165","ollama","gemma3:4b",1.742337
"2025-10-27T12:28:48.565380","ollama","gemma3:4b",1.664916
"2025-10-27T12:28:16.846563","ollama","gemma3:4b",1.458352
"2025-10-27T12:27:45.340662","ollama","gemma3:4b",1.886443
"2025-10-27T12:27:13.399942","ollama","gemma3:4b",1.825237
"2025-10-27T12:26:41.521710","ollama","gemma3:4b",1.875879
"2025-10-27T12:26:09.593262","ollama","gemma3:4b",1.730545
"2025-10-27T12:25:37.807734","ollama","gemma3:4b",1.604105
"2025-10-27T12:25:06.152031","ollama","gemma3:4b",1.528424
"2025-10-27T12:24:34.572128","ollama","gemma3:4b",1.648407
"2025-10-27T12:24:02.870941","ollama","gemma3:4b",1.621588
"2025-10-27T12:23:31.194424","ollama","gemma3:4b",1.613546
"2025-10-27T12:22:59.525173","ollama","gemma3:4b",1.759086
"2025-10-27T12:22:27.709210","ollama","gemma3:4b",1.735368
"2025-10-27T12:21:55.918618","ollama","gemma3:4b",1.846301
"2025-10-27T12:21:24.021049","ollama","gemma3:4b",1.556797
"2025-10-27T12:20:52.413595","ollama","gemma3:4b",1.612649
"2025-10-27T12:20:20.748060","ollama","gemma3:4b",1.644035
"2025-10-27T12:19:49.055055","ollama","gemma3:4b",1.870195
"2025-10-27T12:19:17.134373","ollama","gemma3:4b",1.596789
"2025-10-27T12:18:45.485489","ollama","gemma3:4b",1.607306
"2025-10-27T12:18:13.813460","ollama","gemma3:4b",1.762570
"2025-10-27T12:17:41.991627","ollama","gemma3:4b",1.423998
"2025-10-27T12:17:10.096605","ollama","gemma3:4b",1.659250
"2025-10-27T12:16:38.384742","ollama","gemma3:4b",1.622366
"2025-10-27T12:16:06.708298","ollama","gemma3:4b",1.697146
"2025-10-27T12:15:34.956627","ollama","gemma3:4b",1.875792
"2025-10-27T12:15:03.029201","ollama","gemma3:4b",1.561594
"2025-10-27T12:14:31.415212","ollama","gemma3:4b",1.712795
"2025-10-27T12:13:59.652400","ollama","gemma3:4b",1.409466
"2025-10-27T12:13:28.191644","ollama","gemma3:4b",1.547817
"2025-10-27T12:12:56.588284","ollama","gemma3:4b",1.615068
"2025-10-27T12:12:24.917394","ollama","gemma3:4b",1.831701
"2025-10-27T12:11:53.032491","ollama","gemma3:4b",1.634326
"2025-10-27T12:11:21.344727","ollama","gemma3:4b",1.746917
"2025-10-27T12:10:49.543392","ollama","gemma3:4b",1.769550
"2025-10-27T12:10:17.720631","ollama","gemma3:4b",1.746674
"2025-10-27T12:09:45.924552","ollama","gemma3:4b",1.756812
"2025-10-27T12:09:14.110872","ollama","gemma3:4b",1.435529
"2025-10-27T12:08:42.626305","ollama","gemma3:4b",1.474122
"2025-10-27T12:08:11.102851","ollama","gemma3:4b",1.551566
"2025-10-27T12:07:39.501895","ollama","gemma3:4b",1.884717
"2025-10-27T12:07:07.564624","ollama","gemma3:4b",1.757176
"2025-10-27T12:06:35.755026","ollama","gemma3:4b",1.862533
"2025-10-27T12:06:03.836313","ollama","gemma3:4b",1.504932
"2025-10-27T12:05:32.278067","ollama","gemma3:4b",1.730001
"2025-10-27T12:05:00.247014","ollama","gemma3:4b",1.773015
"2025-10-27T12:04:28.420007","ollama","gemma3:4b",1.698490
"2025-10-27T12:03:56.675690","ollama","gemma3:4b",1.555717
"2025-10-27T12:03:25.063451","ollama","gemma3:4b",1.774340
"2025-10-27T12:02:53.234885","ollama","gemma3:4b",1.644916
"2025-10-27T12:02:21.530496","ollama","gemma3:4b",1.859615
"2025-10-27T12:01:49.616099","ollama","gemma3:4b",1.573215
"2025-10-27T12:01:17.989416","ollama","gemma3:4b",1.481154
"2025-10-27T12:00:46.453983","ollama","gemma3:4b",1.511755
"2025-10-27T12:00:14.889367","ollama","gemma3:4b",1.795396
"2025-10-27T11:59:43.037859","ollama","gemma3:4b",1.759990
"2025-10-27T11:59:11.224716","ollama","gemma3:4b",1.603977
"2025-10-27T11:58:39.568771","ollama","gemma3:4b",1.561149
"2025-10-27T11:58:07.954408","ollama","gemma3:4b",1.521026
"2025-10-27T11:57:36.378329","ollama","gemma3:4b",1.792942
"2025-10-27T11:57:04.532435","ollama","gemma3:4b",1.576258
"2025-10-27T11:56:32.905444","ollama","gemma3:4b",1.765159
"2025-10-27T11:56:01.100649","ollama","gemma3:4b",1.507648
"2025-10-27T11:55:29.549553","ollama","gemma3:4b",1.885110
"2025-10-27T11:54:57.610541","ollama","gemma3:4b",1.767999
"2025-10-27T11:54:25.789426","ollama","gemma3:4b",1.562282
"2025-10-27T11:53:54.182244","ollama","gemma3:4b",1.723547
"2025-10-27T11:53:22.406217","ollama","gemma3:4b",1.729477
"2025-10-27T11:52:50.623956","ollama","gemma3:4b",1.583177
"2025-10-27T11:52:18.993308","ollama","gemma3:4b",1.502021
"2025-10-27T11:51:47.439278","ollama","gemma3:4b",1.583651
"2025-10-27T11:51:15.802413","ollama","gemma3:4b",1.639774
"2025-10-27T11:50:44.117816","ollama","gemma3:4b",1.709779
"2025-10-27T11:50:12.353466","ollama","gemma3:4b",1.522514
"2025-10-27T11:49:40.787285","ollama","gemma3:4b",1.892805
"2025-10-27T11:49:08.839690","ollama","gemma3:4b",1.769819
"2025-10-27T11:48:37.022648","ollama","gemma3:4b",1.474784
"2025-10-27T11:48:05.493331","ollama","gemma3:4b",1.578816
"2025-10-27T11:47:33.861611","ollama","gemma3:4b",1.509666
"2025-10-27T11:47:02.297430","ollama","gemma3:4b",1.563162
"2025-10-27T11:46:30.681350","ollama","gemma3:4b",1.764021
"2025-10-27T11:45:58.862684","ollama","gemma3:4b",1.580358
"2025-10-27T11:45:27.231281","ollama","gemma3:4b",1.439135
"2025-10-27T11:44:55.740513","ollama","gemma3:4b",1.607978
"2025-10-27T11:44:24.080632","ollama","gemma3:4b",1.600135
"2025-10-27T11:43:52.425694","ollama","gemma3:4b",1.692863
"2025-10-27T11:43:20.676425","ollama","gemma3:4b",1.426892
"2025-10-27T11:42:49.194079","ollama","gemma3:4b",1.544480
"2025-10-27T11:42:17.595495","ollama","gemma3:4b",1.644437
"2025-10-27T11:41:45.897455","ollama","gemma3:4b",1.780348
"2025-10-27T11:41:14.063333","ollama","gemma3:4b",1.709549
"2025-10-27T11:40:42.298909","ollama","gemma3:4b",1.744055
"2025-10-27T11:40:10.180229","ollama","gemma3:4b",1.721749
"2025-10-27T11:39:38.408335","ollama","gemma3:4b",1.692232
"2025-10-27T11:39:06.662066","ollama","gemma3:4b",1.599871
"2025-10-27T11:38:35.007510","ollama","gemma3:4b",1.658302
"2025-10-27T11:38:03.296525","ollama","gemma3:4b",1.642437
"2025-10-27T11:37:31.597120","ollama","gemma3:4b",1.812448
"2025-10-27T11:36:59.729613","ollama","gemma3:4b",1.785679
"2025-10-27T11:36:27.890661","ollama","gemma3:4b",1.639104
"2025-10-27T11:35:56.198704","ollama","gemma3:4b",1.755916
"2025-10-27T11:35:24.388813","ollama","gemma3:4b",1.827656
"2025-10-27T11:34:52.510104","ollama","gemma3:4b",1.694132
"2025-10-27T11:34:20.765537","ollama","gemma3:4b",1.528485
"2025-10-27T11:33:49.192108","ollama","gemma3:4b",1.646296
"2025-10-27T11:33:17.491076","ollama","gemma3:4b",1.547144
"2025-10-27T11:32:45.895044","ollama","gemma3:4b",1.766822
"2025-10-27T11:32:14.088692","ollama","gemma3:4b",1.829062
"2025-10-27T11:31:42.207245","ollama","gemma3:4b",1.655548
"2025-10-27T11:31:10.374523","ollama","gemma3:4b",1.485530
"2025-10-27T11:30:38.836325","ollama","gemma3:4b",1.591456
"2025-10-27T11:30:07.193120","ollama","gemma3:4b",1.505371
"2025-10-27T11:29:35.638753","ollama","gemma3:4b",1.700578
"2025-10-27T11:29:03.893261","ollama","gemma3:4b",1.639748
"2025-10-27T11:28:32.203422","ollama","gemma3:4b",1.637386
"2025-10-27T11:28:00.039936","ollama","gemma3:4b",1.473938
"2025-10-27T11:27:28.513858","ollama","gemma3:4b",1.768348
"2025-10-27T11:26:56.695072","ollama","gemma3:4b",1.721346
"2025-10-27T11:26:24.924815","ollama","gemma3:4b",1.554644
"2025-10-27T11:25:53.319151","ollama","gemma3:4b",1.724881
"2025-10-27T11:25:21.543680","ollama","gemma3:4b",1.550669
"2025-10-27T11:24:49.942401","ollama","gemma3:4b",1.600523
"2025-10-27T11:24:18.290198","ollama","gemma3:4b",1.548664
"2025-10-27T11:23:46.690249","ollama","gemma3:4b",1.696466
"2025-10-27T11:23:14.939227","ollama","gemma3:4b",1.833321
"2025-10-27T11:22:43.052460","ollama","gemma3:4b",1.649374
"2025-10-27T11:22:11.364844","ollama","gemma3:4b",1.661657
"2025-10-27T11:21:39.652027","ollama","gemma3:4b",1.687810
"2025-10-27T11:21:07.910204","ollama","gemma3:4b",1.737621
"2025-10-27T11:20:36.120407","ollama","gemma3:4b",1.545262
"2025-10-27T11:20:04.518582","ollama","gemma3:4b",1.754153
"2025-10-27T11:19:32.712758","ollama","gemma3:4b",1.723903
"2025-10-27T11:19:00.933728","ollama","gemma3:4b",1.800927
"2025-10-27T11:18:29.076937","ollama","gemma3:4b",1.717503
"2025-10-27T11:17:57.304742","ollama","gemma3:4b",1.624938
"2025-10-27T11:17:25.625427","ollama","gemma3:4b",1.725736
"2025-10-27T11:16:53.843729","ollama","gemma3:4b",1.643089
"2025-10-27T11:16:22.145547","ollama","gemma3:4b",1.567865
"2025-10-27T11:15:50.518977","ollama","gemma3:4b",1.542576
"2025-10-27T11:15:18.924593","ollama","gemma3:4b",1.552400
"2025-10-27T11:14:47.319029","ollama","gemma3:4b",1.525300
"2025-10-27T11:14:15.741826","ollama","gemma3:4b",1.622098
"2025-10-27T11:13:44.072544","ollama","gemma3:4b",1.630248
"2025-10-27T11:13:12.387466","ollama","gemma3:4b",1.802946
"2025-10-27T11:12:40.112730","ollama","gemma3:4b",1.865576
"2025-10-27T11:12:08.195889","ollama","gemma3:4b",1.722905
"2025-10-27T11:11:36.421435","ollama","gemma3:4b",1.542523
"2025-10-27T11:11:04.826781","ollama","gemma3:4b",1.594409
"2025-10-27T11:10:33.178515","ollama","gemma3:4b",1.579589
"2025-10-27T11:10:01.545795","ollama","gemma3:4b",1.712755
"2025-10-27T11:09:29.785650","ollama","gemma3:4b",1.669960
"2025-10-27T11:08:58.061020","ollama","gemma3:4b",1.533211
"2025-10-27T11:08:26.468134","ollama","gemma3:4b",1.686575
"2025-10-27T11:07:54.726566","ollama","gemma3:4b",1.720101
"2025-10-27T11:07:22.952540","ollama","gemma3:4b",1.795590
"2025-10-27T11:06:51.103668","ollama","gemma3:4b",1.646563
"2025-10-27T11:06:19.403724","ollama","gemma3:4b",1.643525
"2025-10-27T11:05:47.712202","ollama","gemma3:4b",1.580172
"2025-10-27T11:05:16.076567","ollama","gemma3:4b",1.706420
"2025-10-27T11:04:44.317596","ollama","gemma3:4b",1.704330
"2025-10-27T11:04:12.563135","ollama","gemma3:4b",1.667431
"2025-10-27T11:03:40.840320","ollama","gemma3:4b",1.626934
"2025-10-27T11:03:09.156212","ollama","gemma3:4b",1.651349
"2025-10-27T11:02:37.454379","ollama","gemma3:4b",1.598383
"2025-10-27T11:02:05.802224","ollama","gemma3:4b",1.530236
"2025-10-27T11:01:34.220110","ollama","gemma3:4b",1.577892
"2025-10-27T11:01:02.588116","ollama","gemma3:4b",1.688595
"2025-10-27T11:00:30.847499","ollama","gemma3:4b",1.571893
"2025-10-27T10:59:59.218965","ollama","gemma3:4b",1.629480
"2025-10-27T10:59:27.546656","ollama","gemma3:4b",1.589988
"2025-10-27T10:58:55.900883","ollama","gemma3:4b",1.678130
"2025-10-27T10:58:24.168872","ollama","gemma3:4b",1.771598
"2025-10-27T10:57:52.346216","ollama","gemma3:4b",1.779804
"2025-10-27T10:57:20.385775","ollama","gemma3:4b",1.632480
"2025-10-27T10:56:48.701019","ollama","gemma3:4b",1.521848
"2025-10-27T10:56:17.124266","ollama","gemma3:4b",1.559178
"2025-10-27T10:55:45.515284","ollama","gemma3:4b",1.585345
"2025-10-27T10:55:13.871635","ollama","gemma3:4b",1.732168
"2025-10-27T10:54:42.086952","ollama","gemma3:4b",1.539990
"2025-10-27T10:54:10.056610","ollama","gemma3:4b",1.579038
"2025-10-27T10:53:38.422114","ollama","gemma3:4b",2.206400
"2025-10-27T10:53:06.160426","ollama","gemma3:4b",1.644138
"2025-10-27T10:52:34.463853","ollama","gemma3:4b",1.710858
"2025-10-27T10:52:02.697849","ollama","gemma3:4b",1.684300
"2025-10-27T10:51:30.969446","ollama","gemma3:4b",1.591150
"2025-10-27T10:50:59.325619","ollama","gemma3:4b",1.627845
"2025-10-27T10:50:27.659557","ollama","gemma3:4b",1.600780
"2025-10-27T10:49:56.007790","ollama","gemma3:4b",1.656459
"2025-10-27T10:49:24.300423","ollama","gemma3:4b",1.667470
"2025-10-27T10:48:52.580132","ollama","gemma3:4b",1.720189
"2025-10-27T10:48:20.797535","ollama","gemma3:4b",1.881561
"2025-10-27T10:47:48.870399","ollama","gemma3:4b",1.507458
"2025-10-27T10:47:17.311169","ollama","gemma3:4b",1.744231
"2025-10-27T10:46:45.515000","ollama","gemma3:4b",1.511817
"2025-10-27T10:46:13.950161","ollama","gemma3:4b",1.592608
"2025-10-27T10:45:42.301811","ollama","gemma3:4b",1.734555
"2025-10-27T10:45:10.401877","ollama","gemma3:4b",1.810270
"2025-10-27T10:44:38.538728","ollama","gemma3:4b",1.633106
"2025-10-27T10:44:06.846670","ollama","gemma3:4b",1.982149
"2025-10-27T10:43:34.808574","ollama","gemma3:4b",1.667003
"2025-10-27T10:43:03.087972","ollama","gemma3:4b",1.821613
"2025-10-27T10:42:31.211746","ollama","gemma3:4b",1.679481
"2025-10-27T10:41:59.479804","ollama","gemma3:4b",1.434947
"2025-10-27T10:41:27.991057","ollama","gemma3:4b",1.674939
"2025-10-27T10:40:56.264881","ollama","gemma3:4b",1.766001
"2025-10-27T10:40:24.445445","ollama","gemma3:4b",1.602374
"2025-10-27T10:39:52.788265","ollama","gemma3:4b",1.738585
"2025-10-27T10:39:20.991048","ollama","gemma3:4b",1.636790
"2025-10-27T10:38:49.294881","ollama","gemma3:4b",1.706158
"2025-10-27T10:38:17.538074","ollama","gemma3:4b",1.761147
"2025-10-27T10:37:45.724404","ollama","gemma3:4b",1.451726
"2025-10-27T10:37:14.218289","ollama","gemma3:4b",1.515202
"2025-10-27T10:36:42.651396","ollama","gemma3:4b",1.493754
"2025-10-27T10:36:11.106563","ollama","gemma3:4b",1.588819
"2025-10-27T10:35:39.466382","ollama","gemma3:4b",1.767829
"2025-10-27T10:35:07.645740","ollama","gemma3:4b",1.745943
"2025-10-27T10:34:35.839279","ollama","gemma3:4b",1.708021
"2025-10-27T10:34:04.072146","ollama","gemma3:4b",1.821356
"2025-10-27T10:33:32.193242","ollama","gemma3:4b",1.574535
"2025-10-27T10:33:00.571020","ollama","gemma3:4b",1.687694
"2025-10-27T10:32:28.834879","ollama","gemma3:4b",1.648149
"2025-10-27T10:31:57.135638","ollama","gemma3:4b",1.548531
"2025-10-27T10:31:25.534495","ollama","gemma3:4b",1.529731
"2025-10-27T10:30:53.955042","ollama","gemma3:4b",1.737113
"2025-10-27T10:30:22.162955","ollama","gemma3:4b",1.613716
"2025-10-27T10:29:50.042523","ollama","gemma3:4b",1.530882
"2025-10-27T10:29:18.457993","ollama","gemma3:4b",1.737967
"2025-10-27T10:28:46.665504","ollama","gemma3:4b",1.696383
"2025-10-27T10:28:14.918924","ollama","gemma3:4b",1.594506
"2025-10-27T10:27:43.271577","ollama","gemma3:4b",1.817253
"2025-10-27T10:27:11.399171","ollama","gemma3:4b",1.438878
"2025-10-27T10:26:39.906562","ollama","gemma3:4b",1.538517
"2025-10-27T10:26:08.312670","ollama","gemma3:4b",1.563719
"2025-10-27T10:25:36.698610","ollama","gemma3:4b",1.685855
"2025-10-27T10:25:04.958751","ollama","gemma3:4b",1.608654
"2025-10-27T10:24:33.295771","ollama","gemma3:4b",1.868657
"2025-10-27T10:24:01.369169","ollama","gemma3:4b",1.742966
"2025-10-27T10:23:29.572407","ollama","gemma3:4b",1.544919
"2025-10-27T10:22:57.973079","ollama","gemma3:4b",1.547674
"2025-10-27T10:22:26.372852","ollama","gemma3:4b",1.543251
"2025-10-27T10:21:54.779461","ollama","gemma3:4b",1.650014
"2025-10-27T10:21:23.074997","ollama","gemma3:4b",1.613791
"2025-10-27T10:20:51.408375","ollama","gemma3:4b",1.627143
"2025-10-27T10:20:19.726370","ollama","gemma3:4b",1.770534
"2025-10-27T10:19:47.899443","ollama","gemma3:4b",1.625929
"2025-10-27T10:19:16.227626","ollama","gemma3:4b",1.669111
"2025-10-27T10:18:44.506354","ollama","gemma3:4b",1.636222
"2025-10-27T10:18:12.816265","ollama","gemma3:4b",1.776561
"2025-10-27T10:17:40.985700","ollama","gemma3:4b",1.730127
"2025-10-27T10:17:09.200110","ollama","gemma3:4b",1.627840
"2025-10-27T10:16:37.514508","ollama","gemma3:4b",1.555451
"2025-10-27T10:16:05.904764","ollama","gemma3:4b",1.566124
"2025-10-27T10:15:34.286194","ollama","gemma3:4b",1.650986
"2025-10-27T10:15:02.571704","ollama","gemma3:4b",1.651024
"2025-10-27T10:14:30.864282","ollama","gemma3:4b",1.745419
"2025-10-27T10:13:59.064230","ollama","gemma3:4b",1.603931
"2025-10-27T10:13:27.405168","ollama","gemma3:4b",1.467864
"2025-10-27T10:12:55.882684","ollama","gemma3:4b",1.453544
"2025-10-27T10:12:24.377457","ollama","gemma3:4b",1.573388
"2025-10-27T10:11:52.749154","ollama","gemma3:4b",1.707437
"2025-10-27T10:11:20.988238","ollama","gemma3:4b",1.649434
"2025-10-27T10:10:49.285870","ollama","gemma3:4b",1.686863
"2025-10-27T10:10:17.542662","ollama","gemma3:4b",1.549958
"2025-10-27T10:09:45.939454","ollama","gemma3:4b",1.832217
"2025-10-27T10:09:14.055168","ollama","gemma3:4b",1.541224
"2025-10-27T10:08:42.462447","ollama","gemma3:4b",1.581636
"2025-10-27T10:08:10.825600","ollama","gemma3:4b",1.601111
"2025-10-27T10:07:39.171464","ollama","gemma3:4b",1.684695
"2025-10-27T10:07:07.434422","ollama","gemma3:4b",1.719487
"2025-10-27T10:06:35.661701","ollama","gemma3:4b",1.703940
"2025-10-27T10:06:03.907510","ollama","gemma3:4b",1.598367
"2025-10-27T10:05:32.253633","ollama","gemma3:4b",1.693576
"2025-10-27T10:04:59.989696","ollama","gemma3:4b",2.014674
"2025-10-27T10:04:27.920566","ollama","gemma3:4b",1.723553
"2025-10-27T10:03:56.142568","ollama","gemma3:4b",1.656917
"2025-10-27T10:03:24.434365","ollama","gemma3:4b",1.690533
"2025-10-27T10:02:52.690197","ollama","gemma3:4b",1.759412
"2025-10-27T10:02:20.879371","ollama","gemma3:4b",1.628620
"2025-10-27T10:01:49.198352","ollama","gemma3:4b",1.598297
"2025-10-27T10:01:17.546999","ollama","gemma3:4b",1.691584
"2025-10-27T10:00:45.811852","ollama","gemma3:4b",1.615944
"2025-10-27T10:00:14.143374","ollama","gemma3:4b",1.846480
"2025-10-27T09:59:42.244739","ollama","gemma3:4b",1.624181
"2025-10-27T09:59:10.569613","ollama","gemma3:4b",1.460422
"2025-10-27T09:58:39.054574","ollama","gemma3:4b",1.592963
"2025-10-27T09:58:07.408443","ollama","gemma3:4b",1.503272
"2025-10-27T09:57:35.853028","ollama","gemma3:4b",1.797848
"2025-10-27T09:57:04.002820","ollama","gemma3:4b",1.476440
"2025-10-27T09:56:32.480233","ollama","gemma3:4b",1.572089
"2025-10-27T09:56:00.855735","ollama","gemma3:4b",1.526547
"2025-10-27T09:55:29.277980","ollama","gemma3:4b",1.665237
"2025-10-27T09:54:57.559659","ollama","gemma3:4b",1.570989
"2025-10-27T09:54:25.940169","ollama","gemma3:4b",1.528316
"2025-10-27T09:53:54.360961","ollama","gemma3:4b",1.690798
"2025-10-27T09:53:22.613151","ollama","gemma3:4b",1.619123
"2025-10-27T09:52:50.944076","ollama","gemma3:4b",1.666424
"2025-10-27T09:52:19.226382","ollama","gemma3:4b",1.722856
"2025-10-27T09:51:47.448308","ollama","gemma3:4b",1.771461
"2025-10-27T09:51:15.626586","ollama","gemma3:4b",1.635131
"2025-10-27T09:50:43.938579","ollama","gemma3:4b",1.575759
"2025-10-27T09:50:12.305607","ollama","gemma3:4b",1.614246
"2025-10-27T09:49:40.637661","ollama","gemma3:4b",1.608313
"2025-10-27T09:49:08.976014","ollama","gemma3:4b",1.657915
"2025-10-27T09:48:37.265621","ollama","gemma3:4b",1.551510
"2025-10-27T09:48:05.661679","ollama","gemma3:4b",1.525781
"2025-10-27T09:47:34.084060","ollama","gemma3:4b",1.576254
"2025-10-27T09:47:02.454700","ollama","gemma3:4b",1.892488
"2025-10-27T09:46:30.039024","ollama","gemma3:4b",1.679392
"2025-10-27T09:45:58.304944","ollama","gemma3:4b",1.609224
"2025-10-27T09:45:26.640712","ollama","gemma3:4b",1.612189
"2025-10-27T09:44:54.974860","ollama","gemma3:4b",1.570736
"2025-10-27T09:44:23.346942","ollama","gemma3:4b",1.739922
"2025-10-27T09:43:51.552263","ollama","gemma3:4b",1.660247
"2025-10-27T09:43:19.835902","ollama","gemma3:4b",1.709000
"2025-10-27T09:42:48.074165","ollama","gemma3:4b",1.637442
"2025-10-27T09:42:16.378182","ollama","gemma3:4b",1.607551
"2025-10-27T09:41:44.718207","ollama","gemma3:4b",1.893258
"2025-10-27T09:41:12.774478","ollama","gemma3:4b",1.684589
"2025-10-27T09:40:41.037088","ollama","gemma3:4b",1.629338
"2025-10-27T09:40:09.355414","ollama","gemma3:4b",1.521647
"2025-10-27T09:39:37.782870","ollama","gemma3:4b",1.635989
"2025-10-27T09:39:06.093822","ollama","gemma3:4b",1.680788
"2025-10-27T09:38:34.360841","ollama","gemma3:4b",1.644255
"2025-10-27T09:38:02.663135","ollama","gemma3:4b",1.818201
"2025-10-27T09:37:30.787978","ollama","gemma3:4b",1.607225
"2025-10-27T09:36:59.125367","ollama","gemma3:4b",1.704913
"2025-10-27T09:36:27.363682","ollama","gemma3:4b",1.620428
"2025-10-27T09:35:55.686772","ollama","gemma3:4b",1.737004
"2025-10-27T09:35:23.894715","ollama","gemma3:4b",1.626929
"2025-10-27T09:34:52.214938","ollama","gemma3:4b",1.663426
"2025-10-27T09:34:20.299047","ollama","gemma3:4b",1.529700
"2025-10-27T09:33:48.716199","ollama","gemma3:4b",1.710099
"2025-10-27T09:33:16.955281","ollama","gemma3:4b",1.639270
"2025-10-27T09:32:45.265420","ollama","gemma3:4b",1.750167
"2025-10-27T09:32:13.457728","ollama","gemma3:4b",1.585419
"2025-10-27T09:31:41.818171","ollama","gemma3:4b",1.795092
"2025-10-27T09:31:09.970989","ollama","gemma3:4b",1.724479
"2025-10-27T09:30:38.193322","ollama","gemma3:4b",1.756186
"2025-10-27T09:30:06.391722","ollama","gemma3:4b",1.786710
"2025-10-27T09:29:34.549173","ollama","gemma3:4b",1.793004
"2025-10-27T09:29:02.706190","ollama","gemma3:4b",1.408606
"2025-10-27T09:28:31.245502","ollama","gemma3:4b",1.667413
"2025-10-27T09:27:59.523332","ollama","gemma3:4b",1.782919
"2025-10-27T09:27:27.688474","ollama","gemma3:4b",1.541378
"2025-10-27T09:26:56.090720","ollama","gemma3:4b",1.633608
"2025-10-27T09:26:24.404830","ollama","gemma3:4b",1.642300
"2025-10-27T09:25:52.710174","ollama","gemma3:4b",1.741458
"2025-10-27T09:25:20.913724","ollama","gemma3:4b",1.543668
"2025-10-27T09:24:49.316496","ollama","gemma3:4b",1.573854
"2025-10-27T09:24:17.689275","ollama","gemma3:4b",1.690087
"2025-10-27T09:23:45.947630","ollama","gemma3:4b",1.482236
"2025-10-27T09:23:14.412788","ollama","gemma3:4b",1.602182
"2025-10-27T09:22:42.758418","ollama","gemma3:4b",1.585536
"2025-10-27T09:22:11.123994","ollama","gemma3:4b",1.719574
"2025-10-27T09:21:39.350944","ollama","gemma3:4b",1.854480
"2025-10-27T09:21:07.441050","ollama","gemma3:4b",1.702197
"2025-10-27T09:20:35.688436","ollama","gemma3:4b",1.616485
"2025-10-27T09:20:04.016114","ollama","gemma3:4b",1.680498
"2025-10-27T09:19:32.284486","ollama","gemma3:4b",1.713396
"2025-10-27T09:19:00.065209","ollama","gemma3:4b",1.871212
"2025-10-27T09:18:28.135491","ollama","gemma3:4b",1.787318
"2025-10-27T09:17:56.288968","ollama","gemma3:4b",1.445191
"2025-10-27T09:17:24.792303","ollama","gemma3:4b",1.345433
"2025-10-27T09:16:53.393368","ollama","gemma3:4b",1.844797
"2025-10-27T09:16:21.494614","ollama","gemma3:4b",1.548355
"2025-10-27T09:15:49.894031","ollama","gemma3:4b",1.556920
"2025-10-27T09:15:18.284621","ollama","gemma3:4b",1.638903
"2025-10-27T09:14:46.591248","ollama","gemma3:4b",1.600385
"2025-10-27T09:14:14.936629","ollama","gemma3:4b",1.534312
"2025-10-27T09:13:43.349341","ollama","gemma3:4b",1.579099
"2025-10-27T09:13:11.718153","ollama","gemma3:4b",1.732542
"2025-10-27T09:12:39.932893","ollama","gemma3:4b",1.603119
"2025-10-27T09:12:08.274379","ollama","gemma3:4b",1.716741
"2025-10-27T09:11:36.499859","ollama","gemma3:4b",1.766471
"2025-10-27T09:11:04.679473","ollama","gemma3:4b",1.663189
"2025-10-27T09:10:32.967579","ollama","gemma3:4b",1.795577
"2025-10-27T09:10:01.117055","ollama","gemma3:4b",1.728002
"2025-10-27T09:09:29.336561","ollama","gemma3:4b",1.646894
"2025-10-27T09:08:57.636034","ollama","gemma3:4b",1.553073
"2025-10-27T09:08:26.029324","ollama","gemma3:4b",1.693675
"2025-10-27T09:07:54.281346","ollama","gemma3:4b",1.604189
"2025-10-27T09:07:22.622225","ollama","gemma3:4b",1.861739
"2025-10-27T09:06:50.705665","ollama","gemma3:4b",1.744879
"2025-10-27T09:06:18.906373","ollama","gemma3:4b",1.626498
"2025-10-27T09:05:47.225647","ollama","gemma3:4b",1.571184
"2025-10-27T09:05:15.613299","ollama","gemma3:4b",1.759478
"2025-10-27T09:04:43.801847","ollama","gemma3:4b",1.564404
"2025-10-27T09:04:12.185763","ollama","gemma3:4b",1.625493
"2025-10-27T09:03:40.017417","ollama","gemma3:4b",1.730688
"2025-10-27T09:03:08.234116","ollama","gemma3:4b",1.469299
"2025-10-27T09:02:36.707438","ollama","gemma3:4b",1.850871
"2025-10-27T09:02:04.798309","ollama","gemma3:4b",1.766392
"2025-10-27T09:01:32.977322","ollama","gemma3:4b",1.547536
"2025-10-27T09:01:01.373409","ollama","gemma3:4b",1.516539
"2025-10-27T09:00:29.802857","ollama","gemma3:4b",1.562709
"2025-10-27T08:59:58.185060","ollama","gemma3:4b",1.741518
"2025-10-27T08:59:26.402722","ollama","gemma3:4b",1.722676
"2025-10-27T08:58:54.637130","ollama","gemma3:4b",1.844663
"2025-10-27T08:58:22.736904","ollama","gemma3:4b",1.621110
"2025-10-27T08:57:51.062254","ollama","gemma3:4b",1.528777
"2025-10-27T08:57:19.483056","ollama","gemma3:4b",1.613321
"2025-10-27T08:56:47.817424","ollama","gemma3:4b",1.482618
"2025-10-27T08:56:16.280871","ollama","gemma3:4b",1.678425
"2025-10-27T08:55:44.546052","ollama","gemma3:4b",1.572942
"2025-10-27T08:55:12.917294","ollama","gemma3:4b",2.022164
"2025-10-27T08:54:40.841571","ollama","gemma3:4b",1.636146
"2025-10-27T08:54:09.153059","ollama","gemma3:4b",1.365081
"2025-10-27T08:53:37.739023","ollama","gemma3:4b",1.528683
"2025-10-27T08:53:06.158265","ollama","gemma3:4b",1.644572
"2025-10-27T08:52:34.459234","ollama","gemma3:4b",1.396038
"2025-10-27T08:52:03.005344","ollama","gemma3:4b",1.614917
"2025-10-27T08:51:31.337628","ollama","gemma3:4b",1.753707
"2025-10-27T08:50:59.531727","ollama","gemma3:4b",1.821674
"2025-10-27T08:50:27.655081","ollama","gemma3:4b",1.697969
"2025-10-27T08:49:55.905873","ollama","gemma3:4b",1.843052
"2025-10-27T08:49:24.008969","ollama","gemma3:4b",1.593649
"2025-10-27T08:48:52.359369","ollama","gemma3:4b",1.804614
"2025-10-27T08:48:20.040335","ollama","gemma3:4b",1.564633
"2025-10-27T08:47:48.422439","ollama","gemma3:4b",1.702404
"2025-10-27T08:47:16.667147","ollama","gemma3:4b",1.741526
"2025-10-27T08:46:44.871500","ollama","gemma3:4b",1.560346
"2025-10-27T08:46:13.258679","ollama","gemma3:4b",1.709350
"2025-10-27T08:45:41.492706","ollama","gemma3:4b",1.710368
"2025-10-27T08:45:09.726105","ollama","gemma3:4b",1.734019
"2025-10-27T08:44:37.941367","ollama","gemma3:4b",1.675562
"2025-10-27T08:44:06.214685","ollama","gemma3:4b",1.658594
"2025-10-27T08:43:34.502889","ollama","gemma3:4b",1.498009
"2025-10-27T08:43:02.954556","ollama","gemma3:4b",1.549898
"2025-10-27T08:42:31.353615","ollama","gemma3:4b",1.630202
"2025-10-27T08:41:59.668462","ollama","gemma3:4b",1.553101
"2025-10-27T08:41:28.061090","ollama","gemma3:4b",1.518058
"2025-10-27T08:40:56.488523","ollama","gemma3:4b",1.614076
"2025-10-27T08:40:24.819697","ollama","gemma3:4b",1.796486
"2025-10-27T08:39:52.968390","ollama","gemma3:4b",1.874738
"2025-10-27T08:39:21.040520","ollama","gemma3:4b",1.681457
"2025-10-27T08:38:49.305379","ollama","gemma3:4b",1.448989
"2025-10-27T08:38:17.801123","ollama","gemma3:4b",1.710208
"2025-10-27T08:37:46.038707","ollama","gemma3:4b",1.653180
"2025-10-27T08:37:14.334879","ollama","gemma3:4b",1.751100
"2025-10-27T08:36:42.530546","ollama","gemma3:4b",1.551871
"2025-10-27T08:36:10.935735","ollama","gemma3:4b",1.567609
"2025-10-27T08:35:39.315212","ollama","gemma3:4b",1.773637
"2025-10-27T08:35:07.492430","ollama","gemma3:4b",1.594268
"2025-10-27T08:34:35.844451","ollama","gemma3:4b",1.602735
"2025-10-27T08:34:04.184036","ollama","gemma3:4b",1.642236
"2025-10-27T08:33:32.487245","ollama","gemma3:4b",1.449745
"2025-10-27T08:33:00.993028","ollama","gemma3:4b",1.637756
"2025-10-27T08:32:29.301206","ollama","gemma3:4b",1.481460
"2025-10-27T08:31:57.766497","ollama","gemma3:4b",1.552304
"2025-10-27T08:31:26.160555","ollama","gemma3:4b",1.852659
"2025-10-27T08:30:54.244130","ollama","gemma3:4b",1.833620
"2025-10-27T08:30:22.368590","ollama","gemma3:4b",1.805951
"2025-10-27T08:29:50.003078","ollama","gemma3:4b",1.513284
"2025-10-27T08:29:18.437464","ollama","gemma3:4b",1.714059
"2025-10-27T08:28:46.667072","ollama","gemma3:4b",1.557085
"2025-10-27T08:28:15.057245","ollama","gemma3:4b",1.822288
"2025-10-27T08:27:43.180880","ollama","gemma3:4b",1.464522
"2025-10-27T08:27:11.661595","ollama","gemma3:4b",1.635157
"2025-10-27T08:26:39.987098","ollama","gemma3:4b",1.607164
"2025-10-27T08:26:08.321273","ollama","gemma3:4b",1.696478
"2025-10-27T08:25:36.566795","ollama","gemma3:4b",1.915252
"2025-10-27T08:25:04.599098","ollama","gemma3:4b",1.663608
"2025-10-27T08:24:32.886847","ollama","gemma3:4b",1.803703
"2025-10-27T08:24:01.026651","ollama","gemma3:4b",1.636056
"2025-10-27T08:23:29.334858","ollama","gemma3:4b",1.570899
"2025-10-27T08:22:57.707575","ollama","gemma3:4b",1.550291
"2025-10-27T08:22:26.101843","ollama","gemma3:4b",1.471037
"2025-10-27T08:21:54.577774","ollama","gemma3:4b",1.635792
"2025-10-27T08:21:22.889974","ollama","gemma3:4b",1.596085
"2025-10-27T08:20:51.239803","ollama","gemma3:4b",1.675231
"2025-10-27T08:20:19.513408","ollama","gemma3:4b",1.485634
"2025-10-27T08:19:47.976463","ollama","gemma3:4b",1.655308
"2025-10-27T08:19:16.263782","ollama","gemma3:4b",1.829573
"2025-10-27T08:18:44.382969","ollama","gemma3:4b",1.682248
"2025-10-27T08:18:12.646880","ollama","gemma3:4b",1.652652
"2025-10-27T08:17:40.943493","ollama","gemma3:4b",1.417504
"2025-10-27T08:17:09.473110","ollama","gemma3:4b",1.654363
"2025-10-27T08:16:37.766216","ollama","gemma3:4b",1.649230
"2025-10-27T08:16:06.065445","ollama","gemma3:4b",1.897146
"2025-10-27T08:15:34.114419","ollama","gemma3:4b",1.442352
"2025-10-27T08:15:02.624114","ollama","gemma3:4b",1.626405
"2025-10-27T08:14:30.944758","ollama","gemma3:4b",1.661414
"2025-10-27T08:13:59.227933","ollama","gemma3:4b",1.727215
"2025-10-27T08:13:27.446624","ollama","gemma3:4b",1.729358
"2025-10-27T08:12:55.670194","ollama","gemma3:4b",1.827337
"2025-10-27T08:12:23.411957","ollama","gemma3:4b",1.616617
"2025-10-27T08:11:51.735014","ollama","gemma3:4b",1.656524
"2025-10-27T08:11:20.019931","ollama","gemma3:4b",1.903255
"2025-10-27T08:10:48.057882","ollama","gemma3:4b",1.757107
"2025-10-27T08:10:16.246901","ollama","gemma3:4b",1.585631
"2025-10-27T08:09:44.606522","ollama","gemma3:4b",1.548472
"2025-10-27T08:09:12.997080","ollama","gemma3:4b",1.699745
"2025-10-27T08:07:07.708036","ollama","gemma3:4b",1.965382
"2025-10-27T08:06:35.684504","ollama","gemma3:4b",1.857899
"2025-10-27T08:06:03.764703","ollama","gemma3:4b",1.574719
"2025-10-27T08:05:32.130839","ollama","gemma3:4b",1.613095
"2025-10-27T08:05:00.463507","ollama","gemma3:4b",1.602260
"2025-10-27T08:04:28.801035","ollama","gemma3:4b",1.742073
"2025-10-27T08:02:48.860076","ollama","gemma3:4b",1.810947
"2025-10-27T08:02:16.992720","ollama","gemma3:4b",1.818258
"2025-10-27T08:01:45.118737","ollama","gemma3:4b",1.686951
"2025-10-27T08:01:13.361614","ollama","gemma3:4b",1.863305
"2025-10-27T08:00:41.443891","ollama","gemma3:4b",1.636915
"2025-10-27T08:00:09.764256","ollama","gemma3:4b",1.569598
"2025-10-27T07:59:38.137282","ollama","gemma3:4b",1.809562
"2025-10-27T07:59:06.278461","ollama","gemma3:4b",21.175952
"2025-10-27T07:58:15.049139","ollama","gemma3:4b",1.643797
"2025-10-27T07:57:43.351821","ollama","gemma3:4b",1.826128
"2025-10-27T07:57:11.470261","ollama","gemma3:4b",1.665166
"2025-10-27T07:56:39.757911","ollama","gemma3:4b",1.770306
"2025-10-27T07:56:07.933846","ollama","gemma3:4b",1.923796
"2025-10-27T07:55:35.954676","ollama","gemma3:4b",1.591221
"2025-10-27T07:55:04.321616","ollama","gemma3:4b",4.582410
"2025-10-27T07:48:37.700731","ollama","gemma3:4b",1.663097
"2025-10-27T07:48:05.984926","ollama","gemma3:4b",1.516225
"2025-10-27T07:47:34.413763","ollama","gemma3:4b",1.856521
"2025-10-27T07:47:02.459309","ollama","gemma3:4b",1.758314
"2025-10-27T07:46:30.642338","ollama","gemma3:4b",1.690652
"2025-10-27T07:45:58.898808","ollama","gemma3:4b",1.856676
"2025-10-27T07:45:26.987685","ollama","gemma3:4b",1.973401
"2025-10-27T07:44:54.955672","ollama","gemma3:4b",1.748068
"2025-10-27T07:44:23.152070","ollama","gemma3:4b",1.727334
"2025-10-27T07:43:51.363949","ollama","gemma3:4b",1.911771
"2025-10-27T07:43:19.398973","ollama","gemma3:4b",1.714412
"2025-10-27T07:42:47.630257","ollama","gemma3:4b",1.680416
"2025-10-27T07:40:53.536226","ollama","gemma3:4b",1.658528
"2025-10-27T07:40:21.820822","ollama","gemma3:4b",1.547771
"2025-10-27T07:39:50.218201","ollama","gemma3:4b",1.562502
"2025-10-27T07:39:18.599285","ollama","gemma3:4b",1.579989
"2025-10-27T07:38:46.963144","ollama","gemma3:4b",1.506011
"2025-10-27T07:38:15.402181","ollama","gemma3:4b",1.494697
"2025-10-27T07:37:43.849006","ollama","gemma3:4b",1.785459
"2025-10-27T07:37:12.007743","ollama","gemma3:4b",1.793219
"2025-10-27T07:36:40.165641","ollama","gemma3:4b",1.647122
"2025-10-27T07:36:08.463771","ollama","gemma3:4b",1.753914
"2025-10-27T07:35:36.652732","ollama","gemma3:4b",1.872562
"2025-10-27T07:33:52.080330","ollama","gemma3:4b",1.736945
"2025-10-27T07:33:20.291443","ollama","gemma3:4b",1.730571
"2025-10-27T07:32:48.505518","ollama","gemma3:4b",1.598122
"2025-10-27T07:32:16.846108","ollama","gemma3:4b",1.758812
"2025-10-27T07:30:45.701521","ollama","gemma3:4b",1.691587
"2025-10-27T07:30:13.956577","ollama","gemma3:4b",1.503407
"2025-10-27T07:29:42.396907","ollama","gemma3:4b",1.695109
"2025-10-27T07:29:10.643279","ollama","gemma3:4b",1.558659
"2025-10-27T07:28:39.030165","ollama","gemma3:4b",1.550429
"2025-10-27T07:28:07.421572","ollama","gemma3:4b",1.776166
"2025-10-27T07:27:35.583205","ollama","gemma3:4b",1.632483
"2025-10-27T07:27:03.894580","ollama","gemma3:4b",1.796666
"2025-10-27T07:26:32.046767","ollama","gemma3:4b",1.809532
"2025-10-27T07:26:00.183588","ollama","gemma3:4b",1.632890
"2025-10-27T07:25:28.487259","ollama","gemma3:4b",1.584470
"2025-10-27T07:22:13.178683","ollama","gemma3:4b",1.608017
"2025-10-27T07:21:41.504788","ollama","gemma3:4b",1.909649
"2025-10-27T07:21:09.538631","ollama","gemma3:4b",1.607868
"2025-10-27T07:20:37.874809","ollama","gemma3:4b",1.790546
"2025-10-27T07:20:06.025202","ollama","gemma3:4b",1.741724
"2025-10-27T07:19:34.227846","ollama","gemma3:4b",1.531009
"2025-10-27T07:19:02.646383","ollama","gemma3:4b",1.798461
"2025-10-27T07:18:30.789731","ollama","gemma3:4b",1.806070
"2025-10-27T07:17:58.917486","ollama","gemma3:4b",1.750427
"2025-10-27T07:13:27.018302","ollama","gemma3:4b",1.636863
"2025-10-27T07:12:55.332220","ollama","gemma3:4b",1.673952
"2025-10-27T07:12:23.606212","ollama","gemma3:4b",1.711009
"2025-10-27T07:11:51.837983","ollama","gemma3:4b",1.622174
"2025-10-27T07:11:20.164937","ollama","gemma3:4b",1.553344
"2025-10-27T07:10:48.556986","ollama","gemma3:4b",1.631664
"2025-10-27T07:10:16.869824","ollama","gemma3:4b",1.446043
"2025-10-27T07:09:45.371775","ollama","gemma3:4b",1.811485
"2025-10-27T07:09:13.184753","ollama","gemma3:4b",1.821303
"2025-10-27T07:08:41.305594","ollama","gemma3:4b",1.884827
"2025-10-27T07:08:09.362662","ollama","gemma3:4b",1.885327
"2025-10-27T07:07:37.423653","ollama","gemma3:4b",1.769250
"2025-10-27T07:07:05.603108","ollama","gemma3:4b",1.755279
"2025-10-27T07:06:33.797767","ollama","gemma3:4b",1.636564
"2025-10-27T07:06:02.106609","ollama","gemma3:4b",1.556094
"2025-10-27T07:05:30.493133","ollama","gemma3:4b",1.691168
"2025-10-27T07:04:58.747595","ollama","gemma3:4b",1.584625
"2025-10-27T07:04:27.116931","ollama","gemma3:4b",1.677406
"2025-10-27T07:03:55.381902","ollama","gemma3:4b",1.753767
"2025-10-27T07:02:27.898465","ollama","gemma3:4b",1.856041
"2025-10-27T07:01:55.989174","ollama","gemma3:4b",1.636814
"2025-10-27T07:01:24.296016","ollama","gemma3:4b",1.560025
"2025-10-27T07:00:52.682663","ollama","gemma3:4b",1.919487
"2025-10-27T07:00:20.706543","ollama","gemma3:4b",1.805258
"2025-10-27T06:59:48.840457","ollama","gemma3:4b",1.662215
"2025-10-27T06:59:17.122532","ollama","gemma3:4b",1.478779
"2025-10-27T06:58:45.588283","ollama","gemma3:4b",1.826896
"2025-10-27T06:58:13.708583","ollama","gemma3:4b",1.625096
"2025-10-27T06:57:42.028204","ollama","gemma3:4b",1.460343
"2025-10-27T06:57:10.318736","ollama","gemma3:4b",1.788010
"2025-10-27T06:56:38.487261","ollama","gemma3:4b",1.599340
"2025-10-27T06:56:06.824471","ollama","gemma3:4b",1.709301
"2025-10-27T06:54:55.893563","ollama","gemma3:4b",1.597601
"2025-10-27T06:54:24.245401","ollama","gemma3:4b",1.523809
"2025-10-27T06:53:52.660276","ollama","gemma3:4b",1.697969
"2025-10-27T06:52:29.952920","ollama","gemma3:4b",1.856656
"2025-10-27T06:51:58.045852","ollama","gemma3:4b",1.736042
"2025-10-27T06:51:26.251880","ollama","gemma3:4b",1.855102
"2025-10-27T06:50:54.338388","ollama","gemma3:4b",1.736234
"2025-10-27T06:49:22.744069","ollama","gemma3:4b",1.663120
"2025-10-27T06:48:51.007070","ollama","gemma3:4b",2.089255
"2025-10-27T06:48:18.844166","ollama","gemma3:4b",1.824635
"2025-10-27T06:47:46.963427","ollama","gemma3:4b",28.800564
"2025-10-27T06:46:48.107606","ollama","gemma3:4b",1.821669
"2025-10-27T06:46:16.230602","ollama","gemma3:4b",1.549881
"2025-10-27T06:45:44.627295","ollama","gemma3:4b",1.909803
"2025-10-27T06:45:12.656273","ollama","gemma3:4b",1.874129
"2025-10-27T06:44:40.726706","ollama","gemma3:4b",1.661168
"2025-10-27T06:44:09.011707","ollama","gemma3:4b",1.798191
"2025-10-27T06:43:37.160417","ollama","gemma3:4b",1.748114
"2025-10-27T06:43:05.370493","ollama","gemma3:4b",1.733797
"2025-10-27T06:42:33.593230","ollama","gemma3:4b",1.555069
"2025-10-27T06:42:01.950787","ollama","gemma3:4b",1.991188
"2025-10-27T06:41:29.900944","ollama","gemma3:4b",1.839343
"2025-10-27T06:39:50.740484","ollama","gemma3:4b",1.579441
"2025-10-27T06:39:19.107942","ollama","gemma3:4b",2.021759
"2025-10-27T06:38:47.032119","ollama","gemma3:4b",1.918860
"2025-10-27T06:38:15.055775","ollama","gemma3:4b",1.922326
"2025-10-27T06:37:43.075014","ollama","gemma3:4b",2.228457
"2025-10-27T06:37:10.785823","ollama","gemma3:4b",2.028604
"2025-10-27T06:36:38.695616","ollama","gemma3:4b",1.754350
"2025-10-27T06:36:06.880218","ollama","gemma3:4b",1.849684
"2025-10-27T06:35:34.973380","ollama","gemma3:4b",1.867968
"2025-10-27T06:35:03.048862","ollama","gemma3:4b",1.934822
"2025-10-27T06:34:31.051997","ollama","gemma3:4b",2.016693
"2025-10-27T06:33:58.979831","ollama","gemma3:4b",1.794164
"2025-10-27T06:33:27.125496","ollama","gemma3:4b",1.807035
"2025-10-27T06:32:55.259020","ollama","gemma3:4b",1.800428
"2025-10-27T06:32:23.402512","ollama","gemma3:4b",1.758239
"2025-10-27T06:31:51.576107","ollama","gemma3:4b",1.958206
"2025-10-27T06:31:19.561855","ollama","gemma3:4b",1.894526
"2025-10-27T06:30:47.606922","ollama","gemma3:4b",1.882722
"2025-10-27T06:30:15.681543","ollama","gemma3:4b",5.020228
"2025-10-27T06:19:20.136851","ollama","gemma3:4b",1.916102
"2025-10-27T06:18:48.156393","ollama","gemma3:4b",1.734810
"2025-10-27T06:18:16.358112","ollama","gemma3:4b",1.935885
"2025-10-27T06:17:44.356201","ollama","gemma3:4b",1.758090
"2025-10-27T06:17:12.533835","ollama","gemma3:4b",2.017071
"2025-10-27T06:15:46.951170","ollama","gemma3:4b",1.820385
"2025-10-27T06:15:13.056807","ollama","gemma3:4b",1.877126
"2025-10-27T06:14:58.154878","ollama","gemma3:4b",1.612263
"2025-10-27T06:14:26.501517","ollama","gemma3:4b",5.171223
"2025-10-27T06:13:51.292024","ollama","gemma3:4b",0.004360
"2025-10-27T06:13:21.249874","ollama","gemma3:4b",0.004274
"2025-10-27T06:12:51.207508","ollama","gemma3:4b",0.003823
"2025-10-27T06:12:21.163717","ollama","gemma3:4b",0.004245
"2025-10-27T06:11:51.123151","ollama","gemma3:4b",0.005015
"2025-10-27T06:11:21.078896","ollama","gemma3:4b",0.003771
"2025-10-27T06:10:51.035452","ollama","gemma3:4b",0.004651
"2025-10-27T06:10:20.991649","ollama","gemma3:4b",0.004337
"2025-10-27T06:09:50.947913","ollama","gemma3:4b",0.003845
"2025-10-27T06:09:20.906602","ollama","gemma3:4b",0.004223
"2025-10-27T06:08:50.862679","ollama","gemma3:4b",0.003844
"2025-10-27T06:08:20.819507","ollama","gemma3:4b",0.005541
"2025-10-27T06:07:50.780409","ollama","gemma3:4b",0.003735
"2025-10-27T06:07:20.737220","ollama","gemma3:4b",0.004369
"2025-10-27T06:06:50.694461","ollama","gemma3:4b",0.004597
"2025-10-27T06:06:20.651507","ollama","gemma3:4b",0.003873
"2025-10-27T06:05:50.610846","ollama","gemma3:4b",0.004439
"2025-10-27T06:05:20.563796","ollama","gemma3:4b",0.004754
"2025-10-27T06:04:50.514634","ollama","gemma3:4b",0.005053
"2025-10-27T06:04:20.468587","ollama","gemma3:4b",0.005367
"2025-10-27T06:03:50.422275","ollama","gemma3:4b",0.004908
"2025-10-27T06:03:20.374884","ollama","gemma3:4b",0.004744
"2025-10-27T06:02:50.331024","ollama","gemma3:4b",0.005005
"2025-10-27T06:02:20.285335","ollama","gemma3:4b",0.004423
"2025-10-27T06:01:50.239238","ollama","gemma3:4b",0.004749
"2025-10-27T06:01:20.192566","ollama","gemma3:4b",0.004222
"2025-10-27T06:00:50.149634","ollama","gemma3:4b",0.004077
"2025-10-27T06:00:20.103549","ollama","gemma3:4b",0.005045
"2025-10-27T05:59:50.058026","ollama","gemma3:4b",0.004206
"2025-10-27T05:59:20.007281","ollama","gemma3:4b",0.005258
"2025-10-27T05:58:49.959176","ollama","gemma3:4b",0.005427
"2025-10-27T05:58:19.918698","ollama","gemma3:4b",0.005389
"2025-10-27T05:57:49.872750","ollama","gemma3:4b",0.005210
"2025-10-27T05:57:19.824322","ollama","gemma3:4b",0.004744
"2025-10-27T05:56:49.778623","ollama","gemma3:4b",0.004952
"2025-10-27T05:56:19.731476","ollama","gemma3:4b",0.005002
"2025-10-27T05:55:49.683768","ollama","gemma3:4b",0.005244
"2025-10-27T05:55:19.637812","ollama","gemma3:4b",0.005331
"2025-10-27T05:54:49.592385","ollama","gemma3:4b",0.004876
"2025-10-27T05:54:19.546945","ollama","gemma3:4b",0.004774
"2025-10-27T05:53:49.496683","ollama","gemma3:4b",0.004892
"2025-10-27T05:53:19.450400","ollama","gemma3:4b",0.004599
"2025-10-27T05:52:49.404838","ollama","gemma3:4b",0.005582
"2025-10-27T05:52:19.358664","ollama","gemma3:4b",0.004567
"2025-10-27T05:51:49.312394","ollama","gemma3:4b",0.005257
"2025-10-27T05:51:19.267719","ollama","gemma3:4b",0.005627
"2025-10-27T05:50:49.222233","ollama","gemma3:4b",0.004333
"2025-10-27T05:50:19.179167","ollama","gemma3:4b",0.005039
"2025-10-27T05:49:49.134634","ollama","gemma3:4b",0.004244
"2025-10-27T05:49:19.101109","ollama","gemma3:4b",0.005001
"2025-10-27T05:48:49.054733","ollama","gemma3:4b",0.004762
"2025-10-27T05:48:19.006081","ollama","gemma3:4b",0.005302
"2025-10-27T05:47:48.963483","ollama","gemma3:4b",0.004801
"2025-10-27T05:47:18.917027","ollama","gemma3:4b",0.004956
"2025-10-27T05:46:48.867264","ollama","gemma3:4b",0.004756
"2025-10-27T05:46:18.823362","ollama","gemma3:4b",0.004513
"2025-10-27T05:45:48.777425","ollama","gemma3:4b",0.005511
"2025-10-27T05:45:18.727482","ollama","gemma3:4b",0.005621
"2025-10-27T05:44:48.682656","ollama","gemma3:4b",0.004302
"2025-10-27T05:44:18.635357","ollama","gemma3:4b",0.005742
"2025-10-27T05:43:48.587699","ollama","gemma3:4b",0.004771
"2025-10-27T05:43:18.541433","ollama","gemma3:4b",0.004605
"2025-10-27T05:42:48.493407","ollama","gemma3:4b",0.004040
"2025-10-27T05:42:18.446421","ollama","gemma3:4b",0.005185
"2025-10-27T05:41:48.402972","ollama","gemma3:4b",0.004234
"2025-10-27T05:41:18.358930","ollama","gemma3:4b",0.003946
"2025-10-27T05:40:48.316866","ollama","gemma3:4b",0.004181
"2025-10-27T05:40:18.275871","ollama","gemma3:4b",0.003642
"2025-10-27T05:39:48.236031","ollama","gemma3:4b",0.004185
"2025-10-27T05:39:18.196288","ollama","gemma3:4b",0.004053
"2025-10-27T05:38:48.162083","ollama","gemma3:4b",0.003740
"2025-10-27T05:38:18.121942","ollama","gemma3:4b",0.003731
"2025-10-27T05:37:48.088364","ollama","gemma3:4b",0.004035
"2025-10-27T05:37:18.048871","ollama","gemma3:4b",0.003945
"2025-10-27T05:36:48.009284","ollama","gemma3:4b",0.005589
"2025-10-27T05:36:17.967085","ollama","gemma3:4b",0.003781
"2025-10-27T05:35:47.925783","ollama","gemma3:4b",0.003527
"2025-10-27T05:35:17.893175","ollama","gemma3:4b",0.003658
"2025-10-27T05:34:47.852673","ollama","gemma3:4b",0.003547
"2025-10-27T05:34:17.821031","ollama","gemma3:4b",0.004091
"2025-10-27T05:33:47.780861","ollama","gemma3:4b",0.003793
"2025-10-27T05:33:17.739881","ollama","gemma3:4b",0.003796
"2025-10-27T05:32:47.697824","ollama","gemma3:4b",0.003714
"2025-10-27T05:32:17.656564","ollama","gemma3:4b",0.004058
"2025-10-27T05:31:47.615662","ollama","gemma3:4b",0.003963
"2025-10-27T05:31:17.575799","ollama","gemma3:4b",0.003858
"2025-10-27T05:30:47.533469","ollama","gemma3:4b",0.003781
"2025-10-27T05:30:17.500450","ollama","gemma3:4b",0.004270
"2025-10-27T05:29:47.459020","ollama","gemma3:4b",0.003912
"2025-10-27T05:29:17.418349","ollama","gemma3:4b",0.003938
"2025-10-27T05:28:47.378551","ollama","gemma3:4b",0.003784
"2025-10-27T05:28:17.336334","ollama","gemma3:4b",0.004008
"2025-10-27T05:27:47.295045","ollama","gemma3:4b",0.004057
"2025-10-27T05:27:17.254640","ollama","gemma3:4b",0.004261
"2025-10-27T05:26:47.213168","ollama","gemma3:4b",0.004086
"2025-10-27T05:26:17.171161","ollama","gemma3:4b",0.003869
"2025-10-27T05:25:47.130328","ollama","gemma3:4b",0.004389
"2025-10-27T05:25:17.087153","ollama","gemma3:4b",0.004116
"2025-10-27T05:24:47.045871","ollama","gemma3:4b",0.004788
"2025-10-27T05:24:17.003460","ollama","gemma3:4b",0.003791
"2025-10-27T05:23:46.959892","ollama","gemma3:4b",0.004064
"2025-10-27T05:23:16.918645","ollama","gemma3:4b",0.003974
"2025-10-27T05:22:46.877333","ollama","gemma3:4b",0.004074
"2025-10-27T05:22:16.835295","ollama","gemma3:4b",0.004609
"2025-10-27T05:21:46.793928","ollama","gemma3:4b",0.003896
"2025-10-27T05:21:16.751486","ollama","gemma3:4b",0.004091
"2025-10-27T05:20:46.710329","ollama","gemma3:4b",0.003992
"2025-10-27T05:20:16.669797","ollama","gemma3:4b",0.003739
"2025-10-27T05:19:46.627101","ollama","gemma3:4b",0.004153
"2025-10-27T05:19:16.585545","ollama","gemma3:4b",0.003760
"2025-10-27T05:18:46.544266","ollama","gemma3:4b",0.003905
"2025-10-27T05:18:16.502295","ollama","gemma3:4b",0.003759
"2025-10-27T05:17:46.461212","ollama","gemma3:4b",0.003888
"2025-10-27T05:17:16.418751","ollama","gemma3:4b",0.003890
"2025-10-27T05:16:46.378429","ollama","gemma3:4b",0.004703
"2025-10-27T05:16:16.335145","ollama","gemma3:4b",0.004231
"2025-10-27T05:15:46.293379","ollama","gemma3:4b",0.003724
"2025-10-27T05:15:16.252690","ollama","gemma3:4b",0.003914
"2025-10-27T05:14:46.210269","ollama","gemma3:4b",0.003779
"2025-10-27T05:14:16.169257","ollama","gemma3:4b",0.003774
"2025-10-27T05:13:46.126246","ollama","gemma3:4b",0.003780
"2025-10-27T05:13:16.085350","ollama","gemma3:4b",0.003781
"2025-10-27T05:12:46.044421","ollama","gemma3:4b",0.003895
"2025-10-27T05:12:16.004232","ollama","gemma3:4b",0.004198
"2025-10-27T05:11:45.966280","ollama","gemma3:4b",0.004050
"2025-10-27T05:11:15.926121","ollama","gemma3:4b",0.003888
"2025-10-27T05:10:45.884435","ollama","gemma3:4b",0.003985
"2025-10-27T05:10:15.841745","ollama","gemma3:4b",0.003953
"2025-10-27T05:09:45.798617","ollama","gemma3:4b",0.006303
"2025-10-27T05:09:15.755627","ollama","gemma3:4b",0.003685
"2025-10-27T05:08:45.715523","ollama","gemma3:4b",0.004326
"2025-10-27T05:08:15.672433","ollama","gemma3:4b",0.003880
"2025-10-27T05:07:45.630703","ollama","gemma3:4b",0.004114
"2025-10-27T05:07:15.590817","ollama","gemma3:4b",0.005679
"2025-10-27T05:06:45.547779","ollama","gemma3:4b",0.004089
"2025-10-27T05:06:15.506498","ollama","gemma3:4b",0.003758
"2025-10-27T05:05:45.464668","ollama","gemma3:4b",0.003831
"2025-10-27T05:05:15.423404","ollama","gemma3:4b",0.004052
"2025-10-27T05:04:45.381941","ollama","gemma3:4b",0.003864
"2025-10-27T05:04:15.343796","ollama","gemma3:4b",0.003530
"2025-10-27T05:03:45.300312","ollama","gemma3:4b",0.003847
"2025-10-27T05:03:15.258863","ollama","gemma3:4b",0.003719
"2025-10-27T05:02:45.218248","ollama","gemma3:4b",0.003715
"2025-10-27T05:02:15.176072","ollama","gemma3:4b",0.003841
"2025-10-27T05:01:45.134129","ollama","gemma3:4b",0.003685
"2025-10-27T05:01:15.093104","ollama","gemma3:4b",0.003889
"2025-10-27T05:00:45.051636","ollama","gemma3:4b",0.003734
"2025-10-27T05:00:15.010202","ollama","gemma3:4b",0.003811
"2025-10-27T04:59:44.968921","ollama","gemma3:4b",0.003918
"2025-10-27T04:59:14.928180","ollama","gemma3:4b",0.003881
"2025-10-27T04:58:44.887263","ollama","gemma3:4b",0.003945
"2025-10-27T04:58:14.844087","ollama","gemma3:4b",0.004823
"2025-10-27T04:57:44.800793","ollama","gemma3:4b",0.006350
"2025-10-27T04:57:14.756352","ollama","gemma3:4b",0.003847
"2025-10-27T04:56:44.715381","ollama","gemma3:4b",0.003899
"2025-10-27T04:56:14.673592","ollama","gemma3:4b",0.003497
"2025-10-27T04:55:44.634925","ollama","gemma3:4b",0.003903
"2025-10-27T04:55:14.592963","ollama","gemma3:4b",0.003831
"2025-10-27T04:54:44.551611","ollama","gemma3:4b",0.003568
"2025-10-27T04:54:14.510481","ollama","gemma3:4b",0.003678
"2025-10-27T04:53:44.468462","ollama","gemma3:4b",0.004095
"2025-10-27T04:53:14.425170","ollama","gemma3:4b",0.003962
"2025-10-27T04:52:44.383184","ollama","gemma3:4b",0.005857
"2025-10-27T04:52:14.337972","ollama","gemma3:4b",0.004518
"2025-10-27T04:51:44.289046","ollama","gemma3:4b",0.005988
"2025-10-27T04:51:14.238230","ollama","gemma3:4b",0.005469
"2025-10-27T04:50:44.186844","ollama","gemma3:4b",0.005311
"2025-10-27T04:50:14.135657","ollama","gemma3:4b",0.006715
"2025-10-27T04:49:44.082702","ollama","gemma3:4b",0.006371
"2025-10-27T04:49:14.033181","ollama","gemma3:4b",0.007334
"2025-10-27T04:48:43.982276","ollama","gemma3:4b",0.005409
"2025-10-27T04:48:13.931245","ollama","gemma3:4b",0.006309
"2025-10-27T04:47:43.877606","ollama","gemma3:4b",0.005526
"2025-10-27T04:47:13.827265","ollama","gemma3:4b",0.006827
"2025-10-27T04:46:43.775840","ollama","gemma3:4b",0.005253
"2025-10-27T04:46:13.726781","ollama","gemma3:4b",0.006353
"2025-10-27T04:45:43.676322","ollama","gemma3:4b",0.008627
"2025-10-27T04:45:13.626001","ollama","gemma3:4b",0.006726
"2025-10-27T04:44:43.574705","ollama","gemma3:4b",0.005586
"2025-10-27T04:44:13.526525","ollama","gemma3:4b",0.005724
"2025-10-27T04:43:43.476076","ollama","gemma3:4b",0.006008
"2025-10-27T04:43:13.426893","ollama","gemma3:4b",0.007263
"2025-10-27T04:42:43.377102","ollama","gemma3:4b",0.005057
"2025-10-27T04:42:13.330294","ollama","gemma3:4b",0.006894
"2025-10-27T04:41:43.280930","ollama","gemma3:4b",0.005651
"2025-10-27T04:41:13.229900","ollama","gemma3:4b",0.005659
"2025-10-27T04:40:43.179160","ollama","gemma3:4b",0.004798
"2025-10-27T04:40:13.128834","ollama","gemma3:4b",0.005735
"2025-10-27T04:39:43.074213","ollama","gemma3:4b",0.005474
"2025-10-27T04:39:13.026726","ollama","gemma3:4b",0.006094
"2025-10-27T04:38:42.983149","ollama","gemma3:4b",0.005361
"2025-10-27T04:38:12.933603","ollama","gemma3:4b",0.005432
"2025-10-27T04:37:42.882943","ollama","gemma3:4b",0.005349
"2025-10-27T04:37:12.830960","ollama","gemma3:4b",0.006201
"2025-10-27T04:36:42.792073","ollama","gemma3:4b",0.004884
"2025-10-27T04:36:12.744022","ollama","gemma3:4b",0.005046
"2025-10-27T04:35:42.699796","ollama","gemma3:4b",0.005148
"2025-10-27T04:35:12.656051","ollama","gemma3:4b",0.005303
"2025-10-27T04:34:42.612579","ollama","gemma3:4b",0.004861
"2025-10-27T04:34:12.565295","ollama","gemma3:4b",0.007246
"2025-10-27T04:33:42.515945","ollama","gemma3:4b",0.004797
"2025-10-27T04:33:12.470120","ollama","gemma3:4b",0.004691
"2025-10-27T04:32:42.422640","ollama","gemma3:4b",0.006899
"2025-10-27T04:32:12.373134","ollama","gemma3:4b",0.005053
"2025-10-27T04:31:42.326246","ollama","gemma3:4b",0.004970
"2025-10-27T04:31:12.278668","ollama","gemma3:4b",0.005514
"2025-10-27T04:30:42.228919","ollama","gemma3:4b",0.005295
"2025-10-27T04:30:12.181787","ollama","gemma3:4b",0.005607
"2025-10-27T04:29:42.132969","ollama","gemma3:4b",0.005335
"2025-10-27T04:29:12.084028","ollama","gemma3:4b",0.005279
"2025-10-27T04:28:42.034108","ollama","gemma3:4b",0.005175
"2025-10-27T04:28:11.988245","ollama","gemma3:4b",0.005150
"2025-10-27T04:27:41.949290","ollama","gemma3:4b",0.004955
"2025-10-27T04:27:11.902168","ollama","gemma3:4b",0.004669
"2025-10-27T04:26:41.865755","ollama","gemma3:4b",0.004589
"2025-10-27T04:26:11.818233","ollama","gemma3:4b",0.005079
"2025-10-27T04:25:41.770125","ollama","gemma3:4b",0.005439
"2025-10-27T04:25:11.718226","ollama","gemma3:4b",0.009265
"2025-10-27T04:24:41.666186","ollama","gemma3:4b",0.005891
"2025-10-27T04:24:11.619008","ollama","gemma3:4b",0.004909
"2025-10-27T04:23:41.572195","ollama","gemma3:4b",0.004875
"2025-10-27T04:23:11.527202","ollama","gemma3:4b",0.005529
"2025-10-27T04:22:41.481392","ollama","gemma3:4b",0.004478
"2025-10-27T04:22:11.434076","ollama","gemma3:4b",0.005234
"2025-10-27T04:21:41.397864","ollama","gemma3:4b",0.004232
"2025-10-27T04:21:11.352279","ollama","gemma3:4b",0.004980
"2025-10-27T04:20:41.306697","ollama","gemma3:4b",0.004747
"2025-10-27T04:20:11.260647","ollama","gemma3:4b",0.004785
"2025-10-27T04:19:41.211025","ollama","gemma3:4b",0.005511
"2025-10-27T04:19:11.166070","ollama","gemma3:4b",0.005165
"2025-10-27T04:18:41.118818","ollama","gemma3:4b",0.005503
"2025-10-27T04:18:11.073044","ollama","gemma3:4b",0.006719
"2025-10-27T04:17:41.025303","ollama","gemma3:4b",0.004554
"2025-10-27T04:17:10.981956","ollama","gemma3:4b",0.004165
"2025-10-27T04:16:40.935091","ollama","gemma3:4b",0.004861
"2025-10-27T04:16:10.882560","ollama","gemma3:4b",0.005389
"2025-10-27T04:15:40.835962","ollama","gemma3:4b",0.004739
"2025-10-27T04:15:10.789168","ollama","gemma3:4b",0.005641
"2025-10-27T04:14:40.738724","ollama","gemma3:4b",0.005039
"2025-10-27T04:14:10.691225","ollama","gemma3:4b",0.005514
"2025-10-27T04:13:40.644696","ollama","gemma3:4b",0.005107
"2025-10-27T04:13:10.597626","ollama","gemma3:4b",0.005338
"2025-10-27T04:12:40.550587","ollama","gemma3:4b",0.004859
"2025-10-27T04:12:10.506632","ollama","gemma3:4b",0.004472
"2025-10-27T04:11:40.461637","ollama","gemma3:4b",0.006470
"2025-10-27T04:11:10.414866","ollama","gemma3:4b",0.004494
"2025-10-27T04:10:40.368264","ollama","gemma3:4b",0.004530
"2025-10-27T04:10:10.320282","ollama","gemma3:4b",0.005271
"2025-10-27T04:09:40.271351","ollama","gemma3:4b",0.005184
"2025-10-27T04:09:10.223970","ollama","gemma3:4b",0.004743
"2025-10-27T04:08:40.177829","ollama","gemma3:4b",0.004523
"2025-10-27T04:08:10.130420","ollama","gemma3:4b",0.004507
"2025-10-27T04:07:40.082168","ollama","gemma3:4b",0.004470
"2025-10-27T04:07:10.036929","ollama","gemma3:4b",0.004747
"2025-10-27T04:06:40.003228","ollama","gemma3:4b",0.004647
"2025-10-27T04:06:09.957695","ollama","gemma3:4b",0.006183
"2025-10-27T04:05:39.909161","ollama","gemma3:4b",0.004659
"2025-10-27T04:05:09.864167","ollama","gemma3:4b",0.004381
"2025-10-27T04:04:39.817166","ollama","gemma3:4b",0.004573
"2025-10-27T04:04:09.770088","ollama","gemma3:4b",0.005369
"2025-10-27T04:03:39.728597","ollama","gemma3:4b",0.006160
"2025-10-27T04:03:09.691520","ollama","gemma3:4b",0.004772
"2025-10-27T04:02:39.646779","ollama","gemma3:4b",0.004930
"2025-10-27T04:02:09.597895","ollama","gemma3:4b",0.004375
"2025-10-27T04:01:39.558486","ollama","gemma3:4b",0.004534
"2025-10-27T04:01:09.510588","ollama","gemma3:4b",0.005236
"2025-10-27T04:00:39.464160","ollama","gemma3:4b",0.005332
"2025-10-27T04:00:09.415934","ollama","gemma3:4b",0.004860
"2025-10-27T03:59:39.371962","ollama","gemma3:4b",0.005880
"2025-10-27T03:59:09.324898","ollama","gemma3:4b",0.005896
"2025-10-27T03:58:39.274877","ollama","gemma3:4b",0.005728
"2025-10-27T03:58:09.227523","ollama","gemma3:4b",0.006803
"2025-10-27T03:57:39.178683","ollama","gemma3:4b",0.004430
"2025-10-27T03:57:09.131999","ollama","gemma3:4b",0.005231
"2025-10-27T03:56:39.087678","ollama","gemma3:4b",0.006174
"2025-10-27T03:56:09.043787","ollama","gemma3:4b",0.004647
"2025-10-27T03:55:38.998428","ollama","gemma3:4b",0.005530
"2025-10-27T03:55:08.952290","ollama","gemma3:4b",0.004595
"2025-10-27T03:54:38.905414","ollama","gemma3:4b",0.005987
"2025-10-27T03:54:08.832600","ollama","gemma3:4b",0.005607
"2025-10-27T03:53:38.786263","ollama","gemma3:4b",0.004624
"2025-10-27T03:53:08.740703","ollama","gemma3:4b",0.004367
"2025-10-27T03:52:38.693749","ollama","gemma3:4b",0.004513
"2025-10-27T03:52:08.649159","ollama","gemma3:4b",0.004761
"2025-10-27T03:51:38.605717","ollama","gemma3:4b",0.005167
"2025-10-27T03:51:08.560992","ollama","gemma3:4b",0.004810
"2025-10-27T03:50:38.513720","ollama","gemma3:4b",0.005101
"2025-10-27T03:50:08.471288","ollama","gemma3:4b",0.004846
"2025-10-27T03:49:38.422584","ollama","gemma3:4b",0.004572
"2025-10-27T03:49:08.376888","ollama","gemma3:4b",0.005482
"2025-10-27T03:48:38.328365","ollama","gemma3:4b",0.004397
"2025-10-27T03:48:08.292372","ollama","gemma3:4b",0.004711
"2025-10-27T03:47:38.245686","ollama","gemma3:4b",0.004762
"2025-10-27T03:47:08.199817","ollama","gemma3:4b",0.005099
"2025-10-27T03:46:38.155448","ollama","gemma3:4b",0.004599
"2025-10-27T03:46:08.107084","ollama","gemma3:4b",0.004711
"2025-10-27T03:45:38.055223","ollama","gemma3:4b",0.005562
"2025-10-27T03:45:08.013374","ollama","gemma3:4b",0.006529
"2025-10-27T03:44:37.970606","ollama","gemma3:4b",0.004910
"2025-10-27T03:44:07.924340","ollama","gemma3:4b",0.005291
"2025-10-27T03:43:37.877864","ollama","gemma3:4b",0.005050
"2025-10-27T03:43:07.828030","ollama","gemma3:4b",0.005147
"2025-10-27T03:42:37.781916","ollama","gemma3:4b",0.004916
"2025-10-27T03:42:07.734182","ollama","gemma3:4b",0.006532
"2025-10-27T03:41:37.684822","ollama","gemma3:4b",0.004408
"2025-10-27T03:41:07.639126","ollama","gemma3:4b",0.004907
"2025-10-27T03:40:37.591207","ollama","gemma3:4b",0.005067
"2025-10-27T03:40:07.542578","ollama","gemma3:4b",0.005944
"2025-10-27T03:39:37.492208","ollama","gemma3:4b",0.004993
"2025-10-27T03:39:07.444098","ollama","gemma3:4b",0.005054
"2025-10-27T03:38:37.398036","ollama","gemma3:4b",0.004486
"2025-10-27T03:38:07.350345","ollama","gemma3:4b",0.005264
"2025-10-27T03:37:37.317601","ollama","gemma3:4b",0.005122
"2025-10-27T03:37:07.274227","ollama","gemma3:4b",0.004237
"2025-10-27T03:36:37.233806","ollama","gemma3:4b",0.003966
"2025-10-27T03:36:07.190809","ollama","gemma3:4b",0.004149
"2025-10-27T03:35:37.146364","ollama","gemma3:4b",0.007516
"2025-10-27T03:35:07.079013","ollama","gemma3:4b",1.479784
"2025-10-27T03:34:35.546459","ollama","gemma3:4b",1.685144
"2025-10-27T03:34:03.805951","ollama","gemma3:4b",1.824681
"2025-10-27T03:33:31.930546","ollama","gemma3:4b",1.637702
"2025-10-27T03:33:00.237852","ollama","gemma3:4b",1.784537
"2025-10-27T03:32:28.396604","ollama","gemma3:4b",1.502999
"2025-10-27T03:31:56.849950","ollama","gemma3:4b",1.721046
"2025-10-27T03:31:25.076442","ollama","gemma3:4b",1.699195
"2025-10-27T03:30:53.318951","ollama","gemma3:4b",1.825860
"2025-10-27T03:30:21.435492","ollama","gemma3:4b",1.647792
"2025-10-27T03:29:49.730939","ollama","gemma3:4b",1.858500
"2025-10-27T03:29:17.817284","ollama","gemma3:4b",1.819368
"2025-10-27T03:28:45.946376","ollama","gemma3:4b",1.630381
"2025-10-27T03:28:14.261133","ollama","gemma3:4b",1.556432
"2025-10-27T03:27:42.650050","ollama","gemma3:4b",1.413268
"2025-10-27T03:27:11.186768","ollama","gemma3:4b",1.775013
"2025-10-27T03:26:39.353696","ollama","gemma3:4b",1.701072
"2025-10-27T03:26:07.596864","ollama","gemma3:4b",1.596795
"2025-10-27T03:25:35.944138","ollama","gemma3:4b",1.723170
"2025-10-27T03:25:04.166358","ollama","gemma3:4b",1.824621
"2025-10-27T03:24:32.297828","ollama","gemma3:4b",1.562522
"2025-10-27T03:24:00.678905","ollama","gemma3:4b",1.532889
"2025-10-27T03:23:29.089711","ollama","gemma3:4b",1.811792
"2025-10-27T03:22:57.226003","ollama","gemma3:4b",1.637638
"2025-10-27T03:22:25.544630","ollama","gemma3:4b",1.839744
"2025-10-27T03:21:53.648189","ollama","gemma3:4b",1.467548
"2025-10-27T03:21:22.124192","ollama","gemma3:4b",1.537898
"2025-10-27T03:20:50.531202","ollama","gemma3:4b",1.708630
"2025-10-27T03:20:18.767169","ollama","gemma3:4b",1.370969
"2025-10-27T03:19:47.349291","ollama","gemma3:4b",1.602075
"2025-10-27T03:19:15.693746","ollama","gemma3:4b",1.586353
"2025-10-27T03:18:44.052008","ollama","gemma3:4b",1.421795
"2025-10-27T03:18:12.576848","ollama","gemma3:4b",1.617059
"2025-10-27T03:17:40.903482","ollama","gemma3:4b",1.459946
"2025-10-27T03:17:09.395825","ollama","gemma3:4b",1.737550
"2025-10-27T03:16:37.603044","ollama","gemma3:4b",1.919349
"2025-10-27T03:16:05.627633","ollama","gemma3:4b",1.565536
"2025-10-27T03:15:34.007084","ollama","gemma3:4b",1.698964
"2025-10-27T03:15:02.253274","ollama","gemma3:4b",1.585101
"2025-10-27T03:14:30.613711","ollama","gemma3:4b",1.665218
"2025-10-27T03:13:58.894117","ollama","gemma3:4b",1.614231
"2025-10-27T03:13:27.223685","ollama","gemma3:4b",1.710527
"2025-10-27T03:12:55.458335","ollama","gemma3:4b",1.681279
"2025-10-27T03:12:23.718917","ollama","gemma3:4b",1.788804
"2025-10-27T03:11:51.874707","ollama","gemma3:4b",1.892504
"2025-10-27T03:11:19.927941","ollama","gemma3:4b",1.572085
"2025-10-27T03:10:48.300211","ollama","gemma3:4b",1.694069
"2025-10-27T03:10:16.548526","ollama","gemma3:4b",1.620544
"2025-10-27T03:09:44.875969","ollama","gemma3:4b",1.848772
"2025-10-27T03:09:12.967895","ollama","gemma3:4b",1.642335
"2025-10-27T03:08:41.270209","ollama","gemma3:4b",1.623845
"2025-10-27T03:08:09.591904","ollama","gemma3:4b",1.649928
"2025-10-27T03:07:37.885177","ollama","gemma3:4b",1.807034
"2025-10-27T03:07:06.019309","ollama","gemma3:4b",1.643060
"2025-10-27T03:06:34.321480","ollama","gemma3:4b",1.626771
"2025-10-27T03:06:02.641038","ollama","gemma3:4b",1.569571
"2025-10-27T03:05:31.008170","ollama","gemma3:4b",1.584699
"2025-10-27T03:04:59.360944","ollama","gemma3:4b",1.735171
"2025-10-27T03:04:27.581943","ollama","gemma3:4b",4.809358
"2025-10-27T03:03:52.681952","ollama","gemma3:4b",30.919344
"2025-10-27T03:02:51.688576","ollama","gemma3:4b",30.953595
"2025-10-27T03:01:50.693825","ollama","gemma3:4b",30.884808
"2025-10-27T03:00:49.679490","ollama","gemma3:4b",30.913567
"2025-10-27T02:59:48.698342","ollama","gemma3:4b",30.930121
"2025-10-27T02:58:47.711770","ollama","gemma3:4b",30.885940
"2025-10-27T02:57:46.776772","ollama","gemma3:4b",4.936071
"2025-10-27T02:57:11.715352","ollama","gemma3:4b",30.905450
"2025-10-27T02:56:10.717383","ollama","gemma3:4b",30.088427
"2025-10-27T02:55:10.568925","ollama","gemma3:4b",1.675217
"2025-10-27T02:54:38.849352","ollama","gemma3:4b",5.057311
"2025-10-27T02:54:03.731675","ollama","gemma3:4b",30.883730
"2025-10-27T02:53:02.735173","ollama","gemma3:4b",30.945193
"2025-10-27T02:52:01.740384","ollama","gemma3:4b",30.949687
"2025-10-27T02:51:00.716202","ollama","gemma3:4b",30.797117
"2025-10-27T02:49:59.857273","ollama","gemma3:4b",2.203152
"2025-10-27T02:49:27.582950","ollama","gemma3:4b",2.115202
"2025-10-27T02:48:55.394267","ollama","gemma3:4b",2.189241
"2025-10-27T02:48:23.136775","ollama","gemma3:4b",1.781496
"2025-10-27T02:47:51.276023","ollama","gemma3:4b",2.233401
"2025-10-27T02:47:18.963372","ollama","gemma3:4b",2.028703
"2025-10-27T02:46:46.875682","ollama","gemma3:4b",1.894648
"2025-10-27T02:46:14.925967","ollama","gemma3:4b",1.756972
"2025-10-27T02:45:43.114056","ollama","gemma3:4b",1.935008
"2025-10-27T02:45:11.123211","ollama","gemma3:4b",1.762504
"2025-10-27T02:44:39.307269","ollama","gemma3:4b",1.676568
"2025-10-27T02:44:07.573364","ollama","gemma3:4b",1.712919
"2025-10-27T02:43:35.800702","ollama","gemma3:4b",1.678288
"2025-10-27T02:43:04.060805","ollama","gemma3:4b",1.789835
"2025-10-27T02:42:32.217283","ollama","gemma3:4b",2.010944
"2025-10-27T02:42:00.151568","ollama","gemma3:4b",1.820038
"2025-10-27T02:41:28.266166","ollama","gemma3:4b",1.834586
"2025-10-27T02:40:56.368157","ollama","gemma3:4b",2.040689
"2025-10-27T02:40:24.271973","ollama","gemma3:4b",1.749854
"2025-10-27T02:39:52.465911","ollama","gemma3:4b",2.008801
"2025-10-27T02:39:20.402390","ollama","gemma3:4b",1.701660
"2025-10-27T02:38:48.644150","ollama","gemma3:4b",1.807808
"2025-10-27T02:38:16.780266","ollama","gemma3:4b",1.567769
"2025-10-27T02:37:45.158932","ollama","gemma3:4b",1.688033
"2025-10-27T02:37:13.413011","ollama","gemma3:4b",1.947833
"2025-10-27T02:36:41.405029","ollama","gemma3:4b",1.604306
"2025-10-27T02:36:09.744709","ollama","gemma3:4b",1.670403
"2025-10-27T02:35:38.020873","ollama","gemma3:4b",1.701266
"2025-10-27T02:35:06.261536","ollama","gemma3:4b",1.639026
"2025-10-27T02:34:34.564408","ollama","gemma3:4b",1.742643
"2025-10-27T02:34:02.767999","ollama","gemma3:4b",1.491328
"2025-10-27T02:33:31.223008","ollama","gemma3:4b",1.522109
"2025-10-27T02:32:59.644541","ollama","gemma3:4b",1.503317
"2025-10-27T02:32:28.089913","ollama","gemma3:4b",1.758166
"2025-10-27T02:31:56.277486","ollama","gemma3:4b",1.701127
"2025-10-27T02:31:24.521645","ollama","gemma3:4b",22.936283
"2025-10-27T02:30:31.529796","ollama","gemma3:4b",1.657359
"2025-10-27T02:29:59.820888","ollama","gemma3:4b",1.813151
"2025-10-27T02:29:27.952591","ollama","gemma3:4b",1.632714
"2025-10-27T02:28:56.267021","ollama","gemma3:4b",1.601910
"2025-10-27T02:28:24.609114","ollama","gemma3:4b",1.693065
"2025-10-27T02:27:52.860009","ollama","gemma3:4b",1.617585
"2025-10-27T02:27:21.188394","ollama","gemma3:4b",6.826807
"2025-10-27T02:26:44.309582","ollama","gemma3:4b",1.615428
"2025-10-27T02:26:12.636524","ollama","gemma3:4b",1.729900
"2025-10-27T02:25:40.848539","ollama","gemma3:4b",1.763990
"2025-10-27T02:25:09.030110","ollama","gemma3:4b",1.536255
"2025-10-27T02:24:37.441548","ollama","gemma3:4b",1.640121
"2025-10-27T02:24:05.745696","ollama","gemma3:4b",1.490756
"2025-10-27T02:23:34.199781","ollama","gemma3:4b",1.816145
"2025-10-27T02:23:02.331509","ollama","gemma3:4b",1.538198
"2025-10-27T02:22:30.736818","ollama","gemma3:4b",1.518981
"2025-10-27T02:21:59.161472","ollama","gemma3:4b",1.721033
"2025-10-27T02:21:27.384341","ollama","gemma3:4b",1.608895
"2025-10-27T02:20:55.721573","ollama","gemma3:4b",1.602355
"2025-10-27T02:20:24.065618","ollama","gemma3:4b",1.461022
"2025-10-27T02:19:52.551240","ollama","gemma3:4b",1.614274
"2025-10-27T02:19:20.881338","ollama","gemma3:4b",1.503624
"2025-10-27T02:18:49.322280","ollama","gemma3:4b",1.521089
"2025-10-27T02:18:17.744517","ollama","gemma3:4b",1.724029
"2025-10-27T02:17:45.964228","ollama","gemma3:4b",1.727875
"2025-10-27T02:17:14.180654","ollama","gemma3:4b",1.637906
"2025-10-27T02:16:42.484398","ollama","gemma3:4b",1.620889
"2025-10-27T02:16:10.808202","ollama","gemma3:4b",1.570284
"2025-10-27T02:15:39.177122","ollama","gemma3:4b",1.872786
"2025-10-27T02:15:07.248093","ollama","gemma3:4b",1.679621
"2025-10-27T02:14:35.511197","ollama","gemma3:4b",1.811869
"2025-10-27T02:14:03.643469","ollama","gemma3:4b",1.534703
"2025-10-27T02:13:32.060827","ollama","gemma3:4b",9.935048
"2025-10-27T02:12:52.071354","ollama","gemma3:4b",1.753357
"2025-10-27T02:12:20.262132","ollama","gemma3:4b",1.874381
"2025-10-27T02:11:48.332296","ollama","gemma3:4b",1.621376
"2025-10-27T02:11:16.656844","ollama","gemma3:4b",1.763978
"2025-10-27T02:10:44.839055","ollama","gemma3:4b",1.700178
"2025-10-27T02:10:13.083933","ollama","gemma3:4b",1.561847
"2025-10-27T02:09:41.471595","ollama","gemma3:4b",1.505217
"2025-10-27T02:09:09.915900","ollama","gemma3:4b",1.509035
"2025-10-27T02:08:38.348226","ollama","gemma3:4b",1.508029
"2025-10-27T02:08:06.788675","ollama","gemma3:4b",1.631025
"2025-10-27T02:07:35.105631","ollama","gemma3:4b",1.768096
"2025-10-27T02:07:03.286774","ollama","gemma3:4b",1.753378
"2025-10-27T02:06:31.479786","ollama","gemma3:4b",1.681945
"2025-10-27T02:05:59.743772","ollama","gemma3:4b",23.998082
"2025-10-27T02:05:05.692587","ollama","gemma3:4b",1.571532
"2025-10-27T02:04:34.068300","ollama","gemma3:4b",1.596761
"2025-10-27T02:04:02.421225","ollama","gemma3:4b",30.013164
"2025-10-27T02:03:02.353888","ollama","gemma3:4b",1.725976
"2025-10-27T02:02:30.572058","ollama","gemma3:4b",1.735241
"2025-10-27T02:01:58.785573","ollama","gemma3:4b",1.616649
"2025-10-27T02:01:27.114812","ollama","gemma3:4b",15.982037
"2025-10-27T02:00:41.068262","ollama","gemma3:4b",1.480109
"2025-10-27T02:00:09.527310","ollama","gemma3:4b",1.575471
"2025-10-27T01:59:37.886488","ollama","gemma3:4b",30.862645
"2025-10-27T01:58:36.971791","ollama","gemma3:4b",20.120987
"2025-10-27T01:57:46.793873","ollama","gemma3:4b",1.725905
"2025-10-27T01:57:15.011194","ollama","gemma3:4b",1.730661
"2025-10-27T01:56:43.222075","ollama","gemma3:4b",1.759033
"2025-10-27T01:56:11.408827","ollama","gemma3:4b",1.706072
"2025-10-27T01:55:39.644857","ollama","gemma3:4b",1.768157
"2025-10-27T01:55:07.822797","ollama","gemma3:4b",1.699363
"2025-10-27T01:54:36.068204","ollama","gemma3:4b",1.551496
"2025-10-27T01:54:04.459011","ollama","gemma3:4b",1.576237
"2025-10-27T01:53:32.829668","ollama","gemma3:4b",1.690155
"2025-10-27T01:53:01.081891","ollama","gemma3:4b",1.607306
"2025-10-27T01:52:29.418540","ollama","gemma3:4b",1.494848
"2025-10-27T01:51:57.868670","ollama","gemma3:4b",1.545654
"2025-10-27T01:51:26.266511","ollama","gemma3:4b",1.946643
"2025-10-27T01:50:54.264519","ollama","gemma3:4b",1.741282
"2025-10-27T01:50:22.465358","ollama","gemma3:4b",1.597988
"2025-10-27T01:49:50.811875","ollama","gemma3:4b",1.491231
"2025-10-27T01:49:19.265810","ollama","gemma3:4b",1.648770
"2025-10-27T01:48:47.560669","ollama","gemma3:4b",1.928594
"2025-10-27T01:48:15.576002","ollama","gemma3:4b",1.605378
"2025-10-27T01:47:43.916872","ollama","gemma3:4b",1.866156
"2025-10-27T01:47:11.998662","ollama","gemma3:4b",1.598550
"2025-10-27T01:46:40.344503","ollama","gemma3:4b",1.718749
"2025-10-27T01:46:08.565841","ollama","gemma3:4b",1.871939
"2025-10-27T01:45:34.859945","ollama","gemma3:4b",1.602913
"2025-10-27T01:45:03.197733","ollama","gemma3:4b",1.609055
"2025-10-27T01:44:31.528912","ollama","gemma3:4b",1.724457
"2025-10-27T01:43:59.753810","ollama","gemma3:4b",1.657130
"2025-10-27T01:43:28.041028","ollama","gemma3:4b",1.698257
"2025-10-27T01:42:56.293522","ollama","gemma3:4b",1.696605
"2025-10-27T01:42:24.539468","ollama","gemma3:4b",1.496564
"2025-10-27T01:41:52.988738","ollama","gemma3:4b",1.613021
"2025-10-27T01:41:21.321761","ollama","gemma3:4b",1.868234
"2025-10-27T01:40:49.398716","ollama","gemma3:4b",1.825045
"2025-10-27T01:40:17.519538","ollama","gemma3:4b",1.558338
"2025-10-27T01:39:45.904192","ollama","gemma3:4b",1.534384
"2025-10-27T01:39:14.314041","ollama","gemma3:4b",1.501157
"2025-10-27T01:38:42.757297","ollama","gemma3:4b",1.724734
"2025-10-27T01:38:10.978087","ollama","gemma3:4b",1.591523
"2025-10-27T01:37:39.334010","ollama","gemma3:4b",1.667018
"2025-10-27T01:37:07.610556","ollama","gemma3:4b",1.620989
"2025-10-27T01:36:35.935413","ollama","gemma3:4b",1.814170
"2025-10-27T01:36:04.061583","ollama","gemma3:4b",1.805430
"2025-10-27T01:35:32.201319","ollama","gemma3:4b",1.607040
"2025-10-27T01:35:00.542037","ollama","gemma3:4b",1.671424
"2025-10-27T01:34:28.815205","ollama","gemma3:4b",1.840691
"2025-10-27T01:33:56.919145","ollama","gemma3:4b",1.975544
"2025-10-27T01:33:24.880013","ollama","gemma3:4b",1.820877
"2025-10-27T01:32:53.003432","ollama","gemma3:4b",1.583624
"2025-10-27T01:32:21.366412","ollama","gemma3:4b",1.816073
"2025-10-27T01:31:49.498313","ollama","gemma3:4b",1.677227
"2025-10-27T01:31:17.764251","ollama","gemma3:4b",1.679649
"2025-10-27T01:30:46.023339","ollama","gemma3:4b",1.862381
"2025-10-27T01:30:14.105430","ollama","gemma3:4b",1.789974
"2025-10-27T01:29:42.233077","ollama","gemma3:4b",2.021704
"2025-10-27T01:29:10.158447","ollama","gemma3:4b",1.670160
"2025-10-27T01:28:38.432624","ollama","gemma3:4b",1.632752
"2025-10-27T01:28:06.744728","ollama","gemma3:4b",1.748127
"2025-10-27T01:27:34.940535","ollama","gemma3:4b",1.750583
"2025-10-27T01:27:03.137876","ollama","gemma3:4b",1.604255
"2025-10-27T01:26:31.474799","ollama","gemma3:4b",1.608787
"2025-10-27T01:25:59.812197","ollama","gemma3:4b",1.675657
"2025-10-27T01:25:28.081425","ollama","gemma3:4b",1.777928
"2025-10-27T01:24:56.248592","ollama","gemma3:4b",1.811090
"2025-10-27T01:24:24.380210","ollama","gemma3:4b",1.519434
"2025-10-27T01:23:52.807180","ollama","gemma3:4b",1.589356
"2025-10-27T01:23:21.159837","ollama","gemma3:4b",1.729807
"2025-10-27T01:22:49.374762","ollama","gemma3:4b",1.609549
"2025-10-27T01:22:17.705710","ollama","gemma3:4b",1.542790
"2025-10-27T01:21:46.105795","ollama","gemma3:4b",1.706162
"2025-10-27T01:21:14.346929","ollama","gemma3:4b",1.627250
"2025-10-27T01:20:42.660551","ollama","gemma3:4b",1.574152
"2025-10-27T01:20:11.030932","ollama","gemma3:4b",1.667919
"2025-10-27T01:19:39.307036","ollama","gemma3:4b",1.724268
"2025-10-27T01:19:07.528440","ollama","gemma3:4b",1.728849
"2025-10-27T01:18:35.748770","ollama","gemma3:4b",1.920778
"2025-10-27T01:18:03.774076","ollama","gemma3:4b",1.598888
"2025-10-27T01:17:32.117364","ollama","gemma3:4b",1.547323
"2025-10-27T01:17:00.518741","ollama","gemma3:4b",1.678188
"2025-10-27T01:16:28.788272","ollama","gemma3:4b",1.490097
"2025-10-27T01:15:57.246330","ollama","gemma3:4b",1.723088
"2025-10-27T01:15:25.469732","ollama","gemma3:4b",1.760111
"2025-10-27T01:14:53.655424","ollama","gemma3:4b",1.681317
"2025-10-27T01:14:21.918730","ollama","gemma3:4b",1.591271
"2025-10-27T01:13:50.271161","ollama","gemma3:4b",1.664337
"2025-10-27T01:13:18.550276","ollama","gemma3:4b",1.794900
"2025-10-27T01:12:46.696885","ollama","gemma3:4b",1.668650
"2025-10-27T01:12:14.971499","ollama","gemma3:4b",1.672452
"2025-10-27T01:11:43.246929","ollama","gemma3:4b",1.765692
"2025-10-27T01:11:11.421017","ollama","gemma3:4b",1.777799
"2025-10-27T01:10:39.588107","ollama","gemma3:4b",1.615318
"2025-10-27T01:10:07.915139","ollama","gemma3:4b",1.566581
"2025-10-27T01:09:36.295135","ollama","gemma3:4b",1.669404
"2025-10-27T01:09:04.568568","ollama","gemma3:4b",1.705120
"2025-10-27T01:08:32.808458","ollama","gemma3:4b",1.459624
"2025-10-27T01:08:01.297223","ollama","gemma3:4b",1.565617
"2025-10-27T01:07:29.676236","ollama","gemma3:4b",1.623472
"2025-10-27T01:06:57.998014","ollama","gemma3:4b",1.786720
"2025-10-27T01:06:26.155760","ollama","gemma3:4b",1.552671
"2025-10-27T01:05:54.548732","ollama","gemma3:4b",1.763535
"2025-10-27T01:05:22.731668","ollama","gemma3:4b",1.728625
"2025-10-27T01:04:50.948074","ollama","gemma3:4b",1.685381
"2025-10-27T01:04:19.209421","ollama","gemma3:4b",1.793695
"2025-10-27T01:03:47.361753","ollama","gemma3:4b",1.604108
"2025-10-27T01:03:15.701507","ollama","gemma3:4b",1.567340
"2025-10-27T01:02:44.078359","ollama","gemma3:4b",1.641070
"2025-10-27T01:02:12.379595","ollama","gemma3:4b",1.653343
"2025-10-27T01:01:40.671182","ollama","gemma3:4b",1.721885
"2025-10-27T01:01:08.897914","ollama","gemma3:4b",1.923668
"2025-10-27T01:00:36.920867","ollama","gemma3:4b",1.656935
"2025-10-27T01:00:05.209032","ollama","gemma3:4b",4.101830
"2025-10-27T00:59:31.051022","ollama","gemma3:4b",1.680201
"2025-10-27T00:58:59.315183","ollama","gemma3:4b",1.665997
"2025-10-27T00:58:27.591363","ollama","gemma3:4b",22.927111
"2025-10-27T00:57:34.608327","ollama","gemma3:4b",1.772292
"2025-10-27T00:57:02.783653","ollama","gemma3:4b",1.617406
"2025-10-27T00:56:31.112089","ollama","gemma3:4b",1.761303
"2025-10-27T00:55:59.301102","ollama","gemma3:4b",1.676079
"2025-10-27T00:55:27.567474","ollama","gemma3:4b",1.637845
"2025-10-27T00:54:55.874606","ollama","gemma3:4b",1.664231
"2025-10-27T00:54:24.156404","ollama","gemma3:4b",1.581174
"2025-10-27T00:53:52.519284","ollama","gemma3:4b",1.773911
"2025-10-27T00:53:20.689902","ollama","gemma3:4b",1.740716
"2025-10-27T00:52:48.892147","ollama","gemma3:4b",1.588667
"2025-10-27T00:52:17.241432","ollama","gemma3:4b",1.658925
"2025-10-27T00:51:45.519296","ollama","gemma3:4b",1.946757
"2025-10-27T00:51:13.515589","ollama","gemma3:4b",1.856567
"2025-10-27T00:50:41.607224","ollama","gemma3:4b",1.594767
"2025-10-27T00:50:09.961046","ollama","gemma3:4b",1.655673
"2025-10-27T00:49:38.250699","ollama","gemma3:4b",1.758129
"2025-10-27T00:49:06.439611","ollama","gemma3:4b",1.818293
"2025-10-27T00:48:34.564582","ollama","gemma3:4b",1.688302
"2025-10-27T00:48:02.821692","ollama","gemma3:4b",1.778521
"2025-10-27T00:47:30.991405","ollama","gemma3:4b",1.894764
"2025-10-27T00:46:59.042282","ollama","gemma3:4b",1.856730
"2025-10-27T00:46:27.130514","ollama","gemma3:4b",1.669626
"2025-10-27T00:45:55.413456","ollama","gemma3:4b",1.912186
"2025-10-27T00:45:23.448579","ollama","gemma3:4b",1.775771
"2025-10-27T00:44:51.618793","ollama","gemma3:4b",1.598477
"2025-10-27T00:44:19.962882","ollama","gemma3:4b",1.833604
"2025-10-27T00:43:48.074579","ollama","gemma3:4b",1.677432
"2025-10-27T00:43:16.343558","ollama","gemma3:4b",1.915303
"2025-10-27T00:42:44.371904","ollama","gemma3:4b",2.014782
"2025-10-27T00:42:12.294629","ollama","gemma3:4b",1.571242
"2025-10-27T00:41:40.665403","ollama","gemma3:4b",1.887935
"2025-10-27T00:41:08.717506","ollama","gemma3:4b",1.795839
"2025-10-27T00:40:36.862035","ollama","gemma3:4b",1.625019
"2025-10-27T00:40:05.181577","ollama","gemma3:4b",1.851918
"2025-10-27T00:39:33.274834","ollama","gemma3:4b",1.629130
"2025-10-27T00:39:01.593935","ollama","gemma3:4b",1.759471
"2025-10-27T00:38:29.781930","ollama","gemma3:4b",1.937796
"2025-10-27T00:37:57.788433","ollama","gemma3:4b",1.643100
"2025-10-27T00:37:26.090758","ollama","gemma3:4b",1.641386
"2025-10-27T00:36:54.393204","ollama","gemma3:4b",1.617445
"2025-10-27T00:36:22.718784","ollama","gemma3:4b",1.760029
"2025-10-27T00:35:50.905878","ollama","gemma3:4b",1.512490
"2025-10-27T00:35:19.338022","ollama","gemma3:4b",1.680925
"2025-10-27T00:34:47.599487","ollama","gemma3:4b",1.857223
"2025-10-27T00:34:15.686769","ollama","gemma3:4b",1.675206
"2025-10-27T00:33:43.946062","ollama","gemma3:4b",1.691029
"2025-10-27T00:33:12.199670","ollama","gemma3:4b",1.861999
"2025-10-27T00:32:40.278754","ollama","gemma3:4b",1.816448
"2025-10-27T00:32:08.407521","ollama","gemma3:4b",1.815074
"2025-10-27T00:31:36.536161","ollama","gemma3:4b",1.675011
"2025-10-27T00:31:04.806433","ollama","gemma3:4b",1.673107
"2025-10-27T00:30:33.074824","ollama","gemma3:4b",1.850609
"2025-10-27T00:30:01.169409","ollama","gemma3:4b",1.758600
"2025-10-27T00:29:29.348996","ollama","gemma3:4b",1.673075
"2025-10-27T00:28:57.617146","ollama","gemma3:4b",2.033407
"2025-10-27T00:28:25.522986","ollama","gemma3:4b",1.977968
"2025-10-27T00:27:53.481089","ollama","gemma3:4b",1.774934
"2025-10-27T00:27:21.647816","ollama","gemma3:4b",1.866172
"2025-10-27T00:26:49.725946","ollama","gemma3:4b",1.681724
"2025-10-27T00:26:17.987612","ollama","gemma3:4b",1.776034
"2025-10-27T00:25:46.155136","ollama","gemma3:4b",1.726003
"2025-10-27T00:25:14.372546","ollama","gemma3:4b",1.843671
"2025-10-27T00:24:42.474493","ollama","gemma3:4b",1.713810
"2025-10-27T00:24:10.708580","ollama","gemma3:4b",1.773727
"2025-10-27T00:23:38.883172","ollama","gemma3:4b",1.595931
"2025-10-27T00:23:07.232784","ollama","gemma3:4b",1.558703
"2025-10-27T00:22:35.617005","ollama","gemma3:4b",1.724196
"2025-10-27T00:22:03.835301","ollama","gemma3:4b",1.902613
"2025-10-27T00:21:31.877323","ollama","gemma3:4b",1.792330
"2025-10-27T00:21:00.024980","ollama","gemma3:4b",1.625687
"2025-10-27T00:20:28.340757","ollama","gemma3:4b",1.772101
"2025-10-27T00:20:20.477241","ollama","gemma3:4b",1.732368
"2025-10-27T00:19:48.690189","ollama","gemma3:4b",1.555355
"2025-10-27T00:19:17.077910","ollama","gemma3:4b",1.825283
"2025-10-27T00:18:45.197321","ollama","gemma3:4b",1.602616
"2025-10-27T00:18:13.536579","ollama","gemma3:4b",1.660480
"2025-10-27T00:17:41.824710","ollama","gemma3:4b",1.739592
"2025-10-27T00:17:10.042566","ollama","gemma3:4b",1.759382
"2025-10-27T00:16:38.230162","ollama","gemma3:4b",1.934650
"2025-10-27T00:16:06.243022","ollama","gemma3:4b",1.660823
"2025-10-27T00:15:34.528660","ollama","gemma3:4b",2.097435
"2025-10-27T00:15:02.372520","ollama","gemma3:4b",30.432075
"2025-10-27T00:14:01.893067","ollama","gemma3:4b",1.645213
"2025-10-27T00:13:30.192277","ollama","gemma3:4b",1.819786
"2025-10-27T00:12:58.316796","ollama","gemma3:4b",1.771156
"2025-10-27T00:12:26.488736","ollama","gemma3:4b",1.655079
"2025-10-27T00:11:54.780318","ollama","gemma3:4b",1.785827
"2025-10-27T00:11:22.941459","ollama","gemma3:4b",1.737932
"2025-10-27T00:10:51.151525","ollama","gemma3:4b",1.777309
"2025-10-27T00:10:19.316500","ollama","gemma3:4b",1.947626
"2025-10-27T00:09:47.317736","ollama","gemma3:4b",1.685766
"2025-10-27T00:09:15.567556","ollama","gemma3:4b",1.571058
"2025-10-27T00:08:43.940290","ollama","gemma3:4b",1.908024
"2025-10-27T00:08:11.977644","ollama","gemma3:4b",1.549652
"2025-10-27T00:07:40.371343","ollama","gemma3:4b",1.605903
"2025-10-27T00:07:08.723112","ollama","gemma3:4b",1.584094
"2025-10-27T00:06:37.086181","ollama","gemma3:4b",1.586316
"2025-10-27T00:06:05.444226","ollama","gemma3:4b",1.807057
"2025-10-27T00:05:33.569280","ollama","gemma3:4b",2.073815
"2025-10-27T00:05:01.438784","ollama","gemma3:4b",1.629249
"2025-10-27T00:04:29.749905","ollama","gemma3:4b",1.707348
"2025-10-27T00:03:57.989395","ollama","gemma3:4b",1.848722
"2025-10-27T00:03:26.085777","ollama","gemma3:4b",1.698871
"2025-10-27T00:02:54.333552","ollama","gemma3:4b",1.930605
"2025-10-27T00:02:22.349763","ollama","gemma3:4b",2.051972
"2025-10-27T00:01:50.245442","ollama","gemma3:4b",1.900669
"2025-10-27T00:01:18.288876","ollama","gemma3:4b",1.658323
"2025-10-27T00:00:46.581906","ollama","gemma3:4b",1.806799
"2025-10-27T00:00:14.720798","ollama","gemma3:4b",1.555745
"2025-10-26T23:59:43.111119","ollama","gemma3:4b",1.858408
"2025-10-26T23:59:11.194902","ollama","gemma3:4b",1.710840
"2025-10-26T23:58:39.434331","ollama","gemma3:4b",1.737703
"2025-10-26T23:58:07.641803","ollama","gemma3:4b",1.537361
"2025-10-26T23:57:36.045185","ollama","gemma3:4b",1.740612
"2025-10-26T23:57:04.254697","ollama","gemma3:4b",1.754402
"2025-10-26T23:56:32.449318","ollama","gemma3:4b",1.749857
"2025-10-26T23:56:00.651649","ollama","gemma3:4b",1.573195
"2025-10-26T23:55:29.026292","ollama","gemma3:4b",1.601361
"2025-10-26T23:54:57.372639","ollama","gemma3:4b",2.241732
"2025-10-26T23:54:25.087697","ollama","gemma3:4b",1.712311
"2025-10-26T23:53:53.319729","ollama","gemma3:4b",1.697310
"2025-10-26T23:53:21.562961","ollama","gemma3:4b",1.775283
"2025-10-26T23:52:49.730366","ollama","gemma3:4b",1.759189
"2025-10-26T23:52:17.914760","ollama","gemma3:4b",1.626158
"2025-10-26T23:51:46.235512","ollama","gemma3:4b",1.677239
"2025-10-26T23:51:14.500171","ollama","gemma3:4b",1.971523
"2025-10-26T23:50:42.472886","ollama","gemma3:4b",1.692894
"2025-10-26T23:50:10.719788","ollama","gemma3:4b",1.768051
"2025-10-26T23:49:38.899023","ollama","gemma3:4b",1.634639
"2025-10-26T23:49:07.208538","ollama","gemma3:4b",1.679083
"2025-10-26T23:48:35.478904","ollama","gemma3:4b",1.584087
"2025-10-26T23:48:03.839426","ollama","gemma3:4b",1.750077
"2025-10-26T23:47:32.035269","ollama","gemma3:4b",1.799395
"2025-10-26T23:47:00.182939","ollama","gemma3:4b",1.652257
"2025-10-26T23:46:28.471132","ollama","gemma3:4b",1.635601
"2025-10-26T23:45:56.780169","ollama","gemma3:4b",1.847485
"2025-10-26T23:45:24.872361","ollama","gemma3:4b",1.623922
"2025-10-26T23:44:53.192811","ollama","gemma3:4b",1.707833
"2025-10-26T23:44:21.432437","ollama","gemma3:4b",1.620919
"2025-10-26T23:43:49.756546","ollama","gemma3:4b",1.793006
"2025-10-26T23:43:17.908628","ollama","gemma3:4b",1.573913
"2025-10-26T23:42:46.276175","ollama","gemma3:4b",1.921338
"2025-10-26T23:42:14.290564","ollama","gemma3:4b",1.779936
"2025-10-26T23:41:42.451410","ollama","gemma3:4b",1.704025
"2025-10-26T23:41:10.682273","ollama","gemma3:4b",1.539496
"2025-10-26T23:40:39.088841","ollama","gemma3:4b",1.829827
"2025-10-26T23:40:07.208980","ollama","gemma3:4b",1.893500
"2025-10-26T23:39:35.262714","ollama","gemma3:4b",1.743312
"2025-10-26T23:39:03.462087","ollama","gemma3:4b",1.701353
"2025-10-26T23:38:31.707167","ollama","gemma3:4b",1.590393
"2025-10-26T23:38:00.060640","ollama","gemma3:4b",1.643920
"2025-10-26T23:37:28.348978","ollama","gemma3:4b",2.007452
"2025-10-26T23:36:56.288267","ollama","gemma3:4b",1.850906
"2025-10-26T23:36:24.381861","ollama","gemma3:4b",1.932161
"2025-10-26T23:35:52.394753","ollama","gemma3:4b",1.585620
"2025-10-26T23:35:20.754597","ollama","gemma3:4b",1.625728
"2025-10-26T23:34:49.060835","ollama","gemma3:4b",1.610580
"2025-10-26T23:34:17.393751","ollama","gemma3:4b",1.872828
"2025-10-26T23:33:45.463492","ollama","gemma3:4b",1.723189
"2025-10-26T23:33:13.684840","ollama","gemma3:4b",1.607968
"2025-10-26T23:32:42.018512","ollama","gemma3:4b",1.590194
"2025-10-26T23:32:10.370106","ollama","gemma3:4b",1.510597
"2025-10-26T23:31:38.806030","ollama","gemma3:4b",1.558839
"2025-10-26T23:31:07.191225","ollama","gemma3:4b",1.784349
"2025-10-26T23:30:35.343973","ollama","gemma3:4b",1.833149
"2025-10-26T23:29:53.826414","ollama","gemma3:4b",1.514057
"2025-10-26T23:29:22.256643","ollama","gemma3:4b",1.529858
"2025-10-26T23:28:50.672692","ollama","gemma3:4b",1.690152
"2025-10-26T23:28:18.925877","ollama","gemma3:4b",1.624848
"2025-10-26T23:26:24.466572","ollama","gemma3:4b",1.456572
"2025-10-26T23:25:52.951423","ollama","gemma3:4b",1.551497
"2025-10-26T23:25:21.342617","ollama","gemma3:4b",1.766211
"2025-10-26T23:24:49.518354","ollama","gemma3:4b",1.524906
"2025-10-26T23:24:17.940368","ollama","gemma3:4b",1.626924
"2025-10-26T23:23:46.254879","ollama","gemma3:4b",1.678366
"2025-10-26T23:23:14.519143","ollama","gemma3:4b",1.481154
